Price,Age,KM,FuelType,HP,MetColor,Automatic,CC,Doors,Weight
13500,23.0,46986.0,Diesel,90.0,1.0,0,2000,three,1165
13750,23.0,72937.0,Diesel,90.0,1.0,0,2000,3,1165
13950,24.0,41711.0,Diesel,90.0,1.0,0,2000,3,1165
14950,26.0,48000.0,Diesel,90.0,0.0,0,2000,3,1165
13750,30.0,38500.0,Diesel,90.0,0.0,0,2000,3,1170
12950,32.0,61000.0,Diesel,90.0,0.0,0,2000,3,1170
16900,27.0,68647.23997185081,Diesel,101.47832167832168,1.0,0,2000,3,1245
18600,30.0,75889.0,Petrol,90.0,1.0,0,2000,3,1245
21500,27.0,19700.0,Petrol,192.0,0.0,0,1800,3,1185
12950,23.0,71138.0,Diesel,101.47832167832168,1.0,0,1900,3,1105
20950,25.0,31461.0,Petrol,192.0,0.0,0,1800,3,1185
19950,22.0,43610.0,Petrol,192.0,0.0,0,1800,3,1185
19600,25.0,32189.0,Petrol,192.0,0.0,0,1800,3,1185
21500,31.0,23000.0,Petrol,192.0,1.0,0,1800,3,1185
22500,32.0,34131.0,Petrol,192.0,1.0,0,1800,3,1185
22000,28.0,18739.0,Petrol,101.47832167832168,0.0,0,1800,3,1185
22750,30.0,34000.0,Petrol,192.0,1.0,0,1800,3,1185
17950,24.0,21716.0,Petrol,110.0,1.0,0,1600,3,1105
16750,24.0,25563.0,Petrol,110.0,0.0,0,1600,3,1065
16950,30.0,64359.0,Petrol,110.0,1.0,0,1600,3,1105
15950,30.0,67660.0,Petrol,110.0,1.0,0,1600,3,1105
16950,29.0,43905.0,Petrol,110.0,0.0,1,1600,3,1170
15950,28.0,56349.0,Petrol,110.0,1.0,0,1600,3,1120
16950,28.0,32220.0,Petrol,110.0,1.0,0,1600,3,1120
16250,29.0,25813.0,Petrol,110.0,1.0,0,1600,3,1120
15950,25.0,28450.0,Petrol,110.0,1.0,0,1600,3,1120
17495,27.0,34545.0,Petrol,110.0,1.0,0,1600,3,1120
15750,29.0,41415.0,Petrol,110.0,1.0,0,1600,3,1120
16950,28.0,44142.0,Petrol,110.0,0.0,0,1600,3,1120
17950,30.0,11090.0,Petrol,110.0,1.0,0,1600,3,1120
12950,29.0,9750.0,Petrol,97.0,1.0,0,1400,3,1100
15750,22.0,35199.0,Petrol,97.0,1.0,0,1400,3,1100
15950,27.0,29510.0,Petrol,97.0,1.0,0,1400,3,1100
14950,55.67215568862275,32692.0,Petrol,97.0,1.0,0,1400,3,1100
15500,22.0,41000.0,Petrol,97.0,1.0,0,1400,3,1100
15750,26.0,43000.0,Petrol,97.0,0.0,0,1400,3,1100
15950,25.0,25000.0,Petrol,97.0,0.0,0,1400,3,1100
14950,23.0,10000.0,Petrol,97.0,1.0,0,1400,3,1100
15750,32.0,25329.0,Petrol,97.0,1.0,0,1400,3,1100
14750,27.0,27500.0,Petrol,97.0,0.0,0,1400,3,1100
13950,22.0,49059.0,Petrol,97.0,0.0,0,1400,3,1100
16750,27.0,44068.0,Petrol,97.0,1.0,0,1400,3,1100
13950,22.0,46961.0,Petrol,97.0,0.0,0,1400,3,1100
16950,27.0,110404.0,Diesel,90.0,1.0,0,2000,5,1255
16950,22.0,100250.0,Petrol,90.0,0.0,0,2000,5,1255
19000,23.0,84000.0,Diesel,90.0,1.0,0,2000,5,1270
17950,27.0,79375.0,Diesel,90.0,1.0,0,2000,5,1255
15800,22.0,75048.0,Petrol,97.0,1.0,0,1400,5,1110
17950,22.0,72215.0,Diesel,90.0,1.0,0,2000,5,1255
21950,31.0,64982.0,Petrol,192.0,1.0,0,1800,5,1195
17950,22.0,62636.0,Diesel,90.0,1.0,0,2000,5,1255
15750,30.0,57086.0,Petrol,97.0,1.0,0,1400,5,1110
20500,26.0,56000.0,Petrol,110.0,1.0,1,1600,5,1180
21950,27.0,49866.0,Petrol,192.0,1.0,0,1800,5,1195
15500,25.0,49163.0,Petrol,110.0,0.0,1,1600,5,1165
13250,55.67215568862275,45725.0,Petrol,110.0,1.0,0,1600,5,1075
15250,28.0,43210.0,Petrol,97.0,0.0,0,1400,5,1110
15250,26.0,43000.0,Petrol,97.0,0.0,0,1400,5,1110
18950,23.0,39704.0,Petrol,110.0,1.0,1,1600,5,1180
15999,30.0,38950.0,Petrol,110.0,1.0,0,1600,5,1130
14950,22.0,37400.0,Petrol,97.0,1.0,0,1400,5,1110
16500,27.0,37177.0,Petrol,110.0,1.0,0,1600,5,1130
18750,31.0,36544.0,Petrol,110.0,1.0,0,1600,5,1130
17950,30.0,33511.0,Petrol,110.0,1.0,0,1600,5,1130
17950,27.0,68647.23997185081,Petrol,97.0,1.0,0,1400,5,1110
16950,26.0,32181.0,Petrol,110.0,1.0,0,1600,5,1075
18950,28.0,30993.0,Petrol,110.0,1.0,0,1600,5,1130
14950,22.0,30400.0,Petrol,97.0,1.0,0,1400,5,1110
22250,22.0,30000.0,Diesel,110.0,1.0,0,2000,5,1275
15950,25.0,29719.0,Petrol,97.0,1.0,0,1400,5,1110
15950,28.0,29206.0,Petrol,97.0,1.0,0,1400,5,1110
12995,32.0,29198.0,Petrol,97.0,1.0,0,1400,5,1060
18950,28.0,28817.0,Petrol,110.0,1.0,0,1598,5,1130
15750,23.0,28227.0,Petrol,97.0,1.0,0,1400,5,1110
19950,28.0,28000.0,Petrol,110.0,0.0,0,1600,5,1130
16950,23.0,28000.0,Petrol,110.0,1.0,0,1600,5,1115
18750,31.0,25266.0,Petrol,110.0,1.0,0,1600,5,1130
18450,27.0,23489.0,Petrol,110.0,0.0,0,1600,5,1115
16895,29.0,22575.0,Petrol,110.0,1.0,0,1600,5,1115
14900,30.0,22000.0,Petrol,97.0,1.0,0,1400,5,1110
18950,25.0,20019.0,Petrol,110.0,1.0,1,1600,5,1180
17250,29.0,20000.0,Petrol,110.0,1.0,0,1600,5,1115
15450,25.0,17003.0,Petrol,97.0,1.0,0,1400,5,1110
17950,55.67215568862275,16238.0,Petrol,110.0,1.0,1,1600,5,1180
16650,25.0,15414.0,Petrol,97.0,1.0,0,1400,5,1110
17450,28.0,8537.0,Petrol,110.0,1.0,0,1600,5,1130
14900,30.0,7000.0,Petrol,97.0,1.0,0,1400,5,1100
17950,20.0,66966.0,Diesel,90.0,1.0,0,2000,3,1245
15950,19.0,51884.0,Petrol,97.0,1.0,0,1400,3,1100
21950,19.0,50005.0,Diesel,110.0,1.0,0,2000,3,1265
16450,20.0,48110.0,Petrol,97.0,1.0,0,1400,3,1100
22250,20.0,68647.23997185081,Diesel,90.0,1.0,0,2000,3,1260
19950,55.67215568862275,34472.0,Diesel,90.0,1.0,0,1995,3,1260
15950,20.0,33329.0,Petrol,97.0,1.0,0,1400,3,1100
18900,20.0,31850.0,Petrol,110.0,0.0,0,1600,3,1120
19950,17.0,30351.0,Diesel,90.0,1.0,0,1995,3,1260
15950,19.0,29435.0,Petrol,97.0,1.0,0,1400,3,1100
15950,19.0,25948.0,Petrol,97.0,1.0,0,1400,3,1100
18750,11.0,24500.0,Petrol,110.0,1.0,0,1600,3,1120
17450,18.0,23902.0,Petrol,97.0,1.0,0,1400,3,1100
18990,20.0,23175.0,Petrol,110.0,1.0,0,1600,3,1120
16250,19.0,19200.0,Petrol,97.0,1.0,0,1400,3,1100
18500,13.0,18000.0,Petrol,71.0,0.0,0,1400,3,1125
18500,11.0,16123.0,Petrol,110.0,1.0,0,1600,3,1105
19450,11.0,14635.0,Petrol,110.0,1.0,1,1600,3,1155
16950,55.67215568862275,13748.0,Petrol,97.0,1.0,0,1400,3,1100
18800,14.0,11500.0,Petrol,110.0,1.0,0,1600,3,1045
17450,17.0,10000.0,Petrol,97.0,1.0,0,1400,3,1100
17950,20.0,7187.0,Petrol,110.0,1.0,0,1600,3,1105
32500,55.67215568862275,1.0,Petrol,116.0,0.0,0,2000,5,1480
31000,4.0,4000.0,Diesel,116.0,1.0,0,2000,5,1480
31275,4.0,1500.0,Diesel,116.0,1.0,0,2000,5,1480
24950,8.0,68647.23997185081,Diesel,116.0,1.0,0,2000,5,1320
24950,8.0,13253.0,Diesel,116.0,1.0,0,2000,5,1320
22950,7.0,10000.0,Diesel,116.0,1.0,0,2000,5,1270
24990,8.0,6000.0,Diesel,90.0,1.0,0,2000,5,1280
21950,8.0,10841.0,Petrol,90.0,1.0,0,2000,5,1270
17900,55.67215568862275,1.0,Petrol,110.0,1.0,0,1600,3,1105
19250,20.0,63000.0,Diesel,90.0,1.0,0,2000,5,1255
22250,55.67215568862275,57313.0,Petrol,110.0,1.0,0,2000,5,1275
18950,13.0,57037.0,Petrol,110.0,0.0,0,1600,5,1115
19950,19.0,51099.0,Petrol,90.0,1.0,0,2000,5,1255
16350,14.0,40010.0,Petrol,110.0,1.0,0,1600,5,1115
18950,20.0,39115.0,Petrol,110.0,1.0,0,1600,5,1130
16950,17.0,36012.0,Petrol,110.0,0.0,0,1600,5,1130
21750,16.0,68647.23997185081,Petrol,110.0,1.0,0,1600,5,1130
15950,20.0,36000.0,Petrol,110.0,1.0,0,1600,5,1075
16500,20.0,35000.0,Petrol,97.0,1.0,0,1400,5,1110
17950,17.0,33740.0,Petrol,97.0,1.0,0,1400,5,1135
15850,13.0,33477.0,Petrol,110.0,1.0,0,1600,5,1075
16250,20.0,32627.0,Petrol,97.0,1.0,0,1400,5,1110
15950,20.0,68647.23997185081,Petrol,97.0,1.0,0,1400,5,1110
16250,19.0,29441.0,Petrol,97.0,1.0,0,1400,5,1110
15950,13.0,29371.0,Petrol,110.0,1.0,0,1600,4,1105
16500,20.0,29000.0,Petrol,97.0,0.0,0,1400,5,1110
16500,19.0,27821.0,Petrol,97.0,0.0,0,1400,5,1110
18450,19.0,27371.0,Petrol,97.0,0.0,0,1400,5,1135
16250,13.0,25170.0,Petrol,110.0,1.0,0,1600,5,1105
23000,11.0,25000.0,Diesel,116.0,1.0,0,2000,5,1320
19900,20.0,23000.0,Petrol,110.0,1.0,0,1600,5,1130
16450,20.0,22588.0,Petrol,97.0,1.0,0,1400,5,1110
23950,19.0,21684.0,Petrol,192.0,1.0,0,1800,5,1185
19950,13.0,21428.0,Petrol,110.0,1.0,0,1600,5,1130
18500,16.0,20629.0,Petrol,110.0,1.0,0,1600,4,1090
18950,15.0,20270.0,Petrol,110.0,1.0,0,1600,5,1130
16450,16.0,20105.0,Petrol,97.0,0.0,0,1400,5,1110
20500,20.0,20000.0,Petrol,110.0,0.0,1,1600,5,1165
24500,13.0,19988.0,Petrol,110.0,1.0,0,1600,5,1130
19450,19.0,18328.0,Petrol,110.0,0.0,0,1600,5,1130
20950,14.0,17896.0,Petrol,110.0,1.0,1,1600,4,1150
17200,20.0,17300.0,Petrol,97.0,1.0,0,1400,5,1110
19950,19.0,17038.0,Petrol,110.0,0.0,0,1600,5,1130
18450,10.0,13747.0,Petrol,97.0,1.0,0,1400,5,1110
19500,12.0,13634.0,Petrol,110.0,1.0,0,1600,5,1115
21750,13.0,13178.0,Petrol,110.0,1.0,0,1600,5,1130
16868,15.0,13157.0,Petrol,97.0,1.0,0,1400,4,1085
19500,16.0,13000.0,Petrol,110.0,1.0,0,1600,4,1105
18900,11.0,12500.0,Petrol,110.0,1.0,0,1600,5,1115
19750,17.0,11999.0,Petrol,110.0,1.0,0,1600,5,1130
19750,16.0,11754.0,Petrol,110.0,0.0,1,1600,5,1180
18950,16.0,11000.0,Petrol,110.0,1.0,0,1600,4,1105
20750,17.0,10000.0,Petrol,110.0,0.0,0,1598,5,1105
19600,9.0,7650.0,Petrol,110.0,1.0,0,1600,5,1115
19500,14.0,6500.0,Petrol,110.0,1.0,0,1600,4,1100
17650,11.0,6155.0,Petrol,97.0,1.0,0,1400,5,1110
19950,14.0,6000.0,Petrol,110.0,0.0,0,1600,5,1130
19950,14.0,5459.0,Petrol,110.0,1.0,0,1600,5,1130
20950,14.0,5278.0,Petrol,110.0,1.0,1,1600,four,1150
20500,12.0,5000.0,Petrol,110.0,1.0,0,1600,5,1130
17795,9.0,1.0,Petrol,98.0,1.0,0,1400,4,1065
18245,9.0,1.0,Petrol,110.0,1.0,0,1600,5,1075
23750,8.0,11000.0,Petrol,110.0,1.0,0,1600,5,1130
19500,8.0,10077.0,Petrol,97.0,1.0,0,1400,5,1110
18950,8.0,10000.0,Petrol,97.0,1.0,0,1400,5,1110
21950,8.0,9788.0,Petrol,110.0,1.0,0,1600,5,1130
19950,8.0,8574.0,Petrol,110.0,1.0,0,1600,5,1130
18950,8.0,7000.0,Petrol,110.0,0.0,0,1600,5,1115
19950,7.0,6250.0,Petrol,110.0,1.0,0,1600,5,1115
21950,8.0,5000.0,Petrol,110.0,1.0,0,1600,5,1130
22500,6.0,3000.0,Petrol,110.0,0.0,0,1600,5,1130
18500,7.0,2000.0,Petrol,110.0,0.0,0,1600,5,1075
18700,7.0,450.0,Petrol,97.0,1.0,0,1400,5,1110
21125,2.0,225.0,Petrol,97.0,1.0,0,1400,5,1110
21500,55.67215568862275,15.0,Petrol,110.0,1.0,0,1600,5,1130
17795,1.0,1.0,Petrol,98.0,1.0,0,1400,4,1100
18245,1.0,1.0,Petrol,110.0,1.0,0,1600,5,1075
6950,43.0,243000.0,Diesel,69.0,0.0,0,1900,3,1110
9500,38.0,180638.0,Diesel,90.0,0.0,0,2000,4,1160
11950,40.0,179860.0,Diesel,90.0,1.0,0,2000,5,1205
7750,43.0,178858.0,CNG,110.0,0.0,0,1600,3,1084
11950,40.0,161000.0,Diesel,69.0,1.0,0,1900,3,1105
4350,44.0,158320.0,Diesel,69.0,0.0,0,1800,5,1110
4750,44.0,131273.0,Diesel,69.0,1.0,0,1800,5,1110
11750,40.0,130062.0,Diesel,69.0,1.0,0,1900,5,1140
13250,41.0,123425.0,Diesel,69.0,1.0,0,1900,5,1140
11950,37.0,118217.0,Petrol,110.0,1.0,0,1600,5,1075
11900,44.0,110000.0,Diesel,69.0,1.0,0,1900,5,1095
14750,39.0,108847.0,Diesel,90.0,1.0,0,2000,5,1205
9950,42.0,105699.0,Petrol,97.0,1.0,0,1400,3,1025
11950,55.67215568862275,98823.0,CNG,110.0,1.0,0,1600,5,1119
11495,44.0,96829.0,Petrol,110.0,1.0,0,1600,5,1075
11250,40.0,96518.0,Petrol,97.0,1.0,0,1400,3,1025
10500,42.0,92204.0,Petrol,110.0,1.0,0,1600,5,1075
10450,35.0,91456.0,Diesel,69.0,1.0,0,1900,3,1110
12950,43.0,89968.0,Diesel,69.0,1.0,0,1900,5,1140
11500,44.0,89757.0,Petrol,110.0,1.0,0,1600,3,1045
12500,40.0,85389.0,Petrol,110.0,1.0,0,1600,5,1075
10950,43.0,85017.0,Petrol,97.0,0.0,0,1400,5,1060
11450,41.0,84312.0,Petrol,110.0,0.0,0,1600,5,1080
11950,37.0,82743.0,CNG,110.0,1.0,0,1600,5,1121
13250,41.0,81106.0,Diesel,69.0,1.0,0,1900,5,1140
14750,40.0,80425.0,Diesel,90.0,1.0,0,2000,5,1205
11790,34.0,78677.0,Petrol,110.0,1.0,1,1600,5,1105
11450,40.0,78425.0,Petrol,110.0,1.0,0,1600,5,1075
13500,33.0,78108.0,Diesel,90.0,1.0,0,2000,3,1170
10950,33.0,77321.0,Petrol,110.0,1.0,0,1600,5,1075
13500,33.0,75699.0,Diesel,69.0,0.0,0,1900,3,1105
10950,41.0,75697.0,Petrol,97.0,1.0,0,1400,3,1025
10950,44.0,74846.0,Petrol,97.0,1.0,0,1400,3,1025
12950,38.0,74319.0,Petrol,110.0,1.0,0,1600,5,1075
11950,55.67215568862275,74285.0,Petrol,110.0,1.0,0,1600,5,1075
12450,44.0,74172.0,Petrol,110.0,1.0,0,1600,5,1615
11950,40.0,73042.0,Petrol,110.0,1.0,0,1598,5,1075
14950,44.0,71793.0,CNG,110.0,1.0,0,1600,4,1067
12450,35.0,71200.0,Petrol,110.0,1.0,0,1600,5,1075
12950,38.0,67805.0,Petrol,110.0,1.0,0,1600,5,1075
11950,55.67215568862275,65988.0,Petrol,110.0,1.0,0,1600,3,1040
11690,55.67215568862275,65345.0,Petrol,97.0,1.0,0,1400,5,1060
12450,42.0,64564.0,Petrol,110.0,1.0,0,1600,5,1080
12750,36.0,63459.0,Petrol,97.0,1.0,0,1400,5,1060
11925,55.67215568862275,63451.0,Petrol,97.0,0.0,0,1400,3,1025
12950,33.0,62000.0,Petrol,110.0,1.0,0,1600,5,1075
11950,42.0,61300.0,Petrol,97.0,1.0,0,1400,3,1030
12900,41.0,61200.0,Petrol,110.0,1.0,0,1600,3,1045
11900,41.0,61000.0,Petrol,110.0,0.0,0,1600,5,1075
11650,38.0,60829.0,Petrol,110.0,1.0,0,1600,5,1075
10950,44.0,60500.0,Petrol,110.0,0.0,0,1600,5,1075
13950,35.0,59500.0,Diesel,69.0,1.0,0,1900,3,1110
13950,44.0,59000.0,Petrol,110.0,0.0,1,1600,5,1110
11950,40.0,58954.0,Petrol,110.0,1.0,0,1600,5,1080
10950,38.0,58798.0,Petrol,110.0,1.0,0,1600,5,1075
12450,38.0,58363.0,Petrol,110.0,1.0,0,1600,3,1055
11950,43.0,58277.0,Petrol,110.0,1.0,0,1600,3,1045
13500,33.0,57711.0,Diesel,90.0,1.0,0,2000,3,1165
11690,33.0,57269.0,Petrol,110.0,1.0,0,1600,5,1075
13500,39.0,56001.0,Petrol,110.0,1.0,0,1600,5,1075
11950,42.0,55968.0,Petrol,110.0,1.0,0,1600,3,1050
12900,55.67215568862275,55678.0,Petrol,110.0,1.0,0,1600,4,1030
13500,43.0,55539.0,Petrol,110.0,1.0,0,1600,5,1085
11750,42.0,55400.0,Petrol,110.0,0.0,0,1600,5,1075
11750,33.0,55350.0,Petrol,110.0,0.0,0,1600,5,1075
10850,43.0,54600.0,Petrol,110.0,0.0,0,1600,4,1030
11750,43.0,53773.0,Petrol,110.0,1.0,0,1600,5,1075
14950,42.0,53719.0,Petrol,110.0,1.0,1,1600,5,1105
9940,39.0,53644.0,Petrol,110.0,1.0,0,1600,5,1075
12900,42.0,53350.0,Petrol,110.0,0.0,0,1600,5,1075
13500,38.0,53000.0,Petrol,110.0,1.0,0,1600,5,1075
11750,44.0,52084.0,Petrol,97.0,1.0,0,1400,3,1025
11950,44.0,52000.0,Petrol,97.0,0.0,0,1400,3,1025
13450,33.0,51945.0,Petrol,110.0,1.0,0,1600,5,1075
11950,41.0,51732.0,Petrol,97.0,1.0,0,1400,3,1025
12495,39.0,50873.0,Petrol,110.0,1.0,0,1600,5,1075
13500,41.0,50856.0,Petrol,110.0,0.0,0,1600,4,1030
12750,40.0,50640.0,Petrol,110.0,1.0,0,1600,5,1075
12000,39.0,50000.0,Petrol,97.0,1.0,0,1400,5,1060
11950,38.0,49500.0,Petrol,110.0,1.0,0,1600,5,1075
12495,44.0,49332.0,Petrol,110.0,1.0,0,1600,5,1080
12450,34.0,49291.0,Petrol,110.0,1.0,0,1600,3,1040
14750,40.0,48952.0,Diesel,90.0,1.0,0,2000,5,1205
10950,39.0,48945.0,Petrol,110.0,0.0,0,1600,3,1040
13500,33.0,48928.0,Diesel,69.0,1.0,0,1900,3,1105
12950,38.0,48197.0,Petrol,110.0,1.0,0,1600,5,1075
13500,35.0,48052.0,Diesel,69.0,1.0,0,1900,3,1105
13450,55.67215568862275,48011.0,Petrol,110.0,1.0,0,1600,4,1030
13500,43.0,48000.0,Petrol,110.0,1.0,0,1600,5,1075
11480,41.0,47350.0,Petrol,110.0,1.0,0,1600,5,1075
13450,39.0,46821.0,Petrol,97.0,1.0,0,1400,5,1060
11495,39.0,46694.0,Petrol,110.0,0.0,0,1600,3,1040
12750,43.0,46515.0,Petrol,97.0,0.0,0,1400,5,1025
14990,38.0,46327.0,Petrol,110.0,1.0,0,1600,3,1055
12950,35.0,46304.0,Petrol,97.0,1.0,0,1400,5,1060
12950,40.0,45886.0,Petrol,110.0,1.0,0,1600,5,1080
12850,39.0,45713.0,Petrol,97.0,1.0,0,1400,5,1085
13950,40.0,45600.0,Petrol,110.0,1.0,1,1600,5,1105
11950,41.0,45287.0,Petrol,110.0,1.0,0,1600,5,1075
12950,39.0,45081.0,Petrol,110.0,1.0,0,1600,5,1075
11700,40.0,44830.0,Petrol,110.0,1.0,0,1600,5,1075
9950,37.0,44757.0,Petrol,97.0,1.0,0,1400,3,1025
11895,44.0,44218.0,Petrol,97.0,1.0,0,1400,5,1060
12950,43.0,43632.0,Petrol,110.0,1.0,0,1600,5,1075
12500,36.0,43427.0,Petrol,110.0,1.0,0,1600,3,1040
13875,39.0,43254.0,Petrol,110.0,1.0,0,1600,5,1075
10500,35.0,43000.0,Petrol,110.0,0.0,0,1600,3,1050
12295,33.0,42823.0,Petrol,110.0,1.0,0,1600,5,1075
13950,42.0,42560.0,Petrol,110.0,1.0,0,1600,5,1080
10950,38.0,41754.0,Petrol,110.0,0.0,0,1600,3,1040
12950,44.0,41499.0,CNG,110.0,1.0,0,1600,5,1103
12850,40.0,41339.0,Petrol,110.0,1.0,0,1600,5,1080
13995,35.0,41000.0,Petrol,110.0,1.0,0,1600,5,1075
13750,39.0,40000.0,Petrol,110.0,1.0,0,1600,3,1055
12750,37.0,39757.0,Petrol,110.0,1.0,0,1600,5,1075
12500,41.0,39659.0,Petrol,110.0,1.0,0,1600,3,1045
13950,43.0,39650.0,Petrol,110.0,0.0,0,1600,3,1055
11500,39.0,39524.0,Petrol,97.0,1.0,0,1398,3,1025
13950,44.0,39516.0,Petrol,97.0,1.0,0,1400,5,1060
11895,41.0,39439.0,Petrol,97.0,0.0,0,1400,5,1060
9950,44.0,39000.0,Petrol,97.0,1.0,0,1400,3,1025
13500,42.0,38932.0,Petrol,110.0,1.0,0,1600,3,1040
11450,37.0,38812.0,Petrol,97.0,1.0,0,1400,3,1025
12450,42.0,38665.0,Petrol,110.0,1.0,0,1600,5,1075
12950,40.0,38653.0,Petrol,110.0,1.0,0,1600,5,1080
13995,44.0,38461.0,Petrol,110.0,1.0,0,1600,5,1080
11750,42.0,38078.0,Petrol,97.0,0.0,0,1400,3,1025
11650,39.0,37782.0,Petrol,97.0,1.0,0,1400,5,1060
9950,43.0,37576.0,Petrol,97.0,0.0,0,1400,3,1030
13950,41.0,37533.0,Petrol,110.0,1.0,0,1600,5,1075
12950,44.0,37389.0,Petrol,110.0,1.0,0,1600,5,1080
10950,38.0,37320.0,Petrol,97.0,1.0,0,1400,3,1025
9900,42.0,37000.0,Petrol,97.0,1.0,0,1400,3,1025
11950,44.0,37000.0,Petrol,110.0,0.0,0,1600,4,1075
11990,40.0,36566.0,Petrol,110.0,0.0,0,1600,5,1090
10750,36.0,36269.0,Petrol,110.0,1.0,0,1600,5,1075
13950,37.0,36074.0,Petrol,110.0,1.0,1,1600,5,1075
11250,44.0,36066.0,Petrol,110.0,1.0,0,1600,3,1040
12950,39.0,34599.0,Petrol,110.0,1.0,0,1600,five,1075
11950,41.0,34000.0,Petrol,110.0,1.0,0,1600,5,1075
10950,42.0,33623.0,Petrol,97.0,1.0,0,1400,3,1025
12950,33.0,33591.0,Petrol,110.0,1.0,0,1600,5,1075
12950,35.0,33258.0,Petrol,110.0,1.0,0,1600,5,1075
11695,43.0,33113.0,Petrol,110.0,1.0,0,1600,5,1075
11000,41.0,33000.0,Petrol,110.0,1.0,1,1600,5,1075
13950,55.67215568862275,32941.0,Petrol,110.0,1.0,0,1600,5,1080
11950,38.0,32781.0,Petrol,110.0,0.0,0,1600,5,1075
11750,40.0,32532.0,Petrol,110.0,1.0,0,1600,3,1040
12400,34.0,32431.0,Petrol,97.0,1.0,0,1400,5,1060
12500,35.0,32000.0,Petrol,110.0,0.0,0,1600,3,1040
12900,33.0,31000.0,Petrol,110.0,1.0,0,1600,5,1075
12200,41.0,30989.0,Petrol,110.0,0.0,0,1600,3,1045
12750,43.0,30742.0,Petrol,110.0,1.0,0,1600,3,1040
11950,42.0,30190.0,Petrol,110.0,1.0,0,1600,5,1075
11900,41.0,29716.0,Petrol,116.0,1.0,0,1600,5,1075
11950,44.0,29716.0,Petrol,110.0,1.0,1,1600,3,1070
14950,42.0,29640.0,Petrol,110.0,1.0,0,1600,3,1055
11950,41.0,29056.0,Petrol,97.0,1.0,0,1400,5,1060
12950,33.0,28715.0,Petrol,110.0,1.0,0,1600,5,1075
14950,41.0,28571.0,Petrol,110.0,0.0,0,1600,5,1090
13450,40.0,28362.0,Petrol,110.0,1.0,0,1600,3,1040
13750,38.0,28150.0,Petrol,110.0,1.0,0,1600,5,1075
12950,43.0,27301.0,Petrol,110.0,1.0,0,1600,3,1040
12750,33.0,27240.0,Petrol,110.0,1.0,0,1600,5,1075
11895,39.0,27170.0,Petrol,97.0,1.0,0,1400,5,1060
9950,42.0,27141.0,Petrol,97.0,1.0,0,1400,5,1060
12450,38.0,26262.0,Petrol,110.0,1.0,0,1600,5,1075
12500,38.0,26000.0,Petrol,97.0,1.0,0,1400,5,1060
14950,43.0,25228.0,Petrol,110.0,1.0,0,1600,3,1045
13750,39.0,25062.0,Petrol,110.0,1.0,0,1600,5,1080
12695,39.0,24723.0,Petrol,110.0,1.0,1,1600,4,1060
14990,55.67215568862275,24650.0,Petrol,110.0,1.0,0,1600,3,1055
12750,43.0,24553.0,Petrol,110.0,1.0,0,1600,5,1080
14350,41.0,24475.0,Petrol,110.0,1.0,0,1600,5,1030
12950,39.0,24444.0,Petrol,110.0,1.0,0,1600,3,1040
11500,35.0,24011.0,Petrol,97.0,0.0,0,1400,3,1025
11950,41.0,24000.0,Petrol,97.0,1.0,0,1400,3,1025
13450,40.0,23616.0,Petrol,110.0,1.0,0,1600,5,1075
12900,38.0,22865.0,Petrol,110.0,1.0,0,1600,5,1075
10500,41.0,22780.0,Petrol,86.0,1.0,0,1300,5,1035
10950,35.0,21904.0,Petrol,97.0,0.0,0,1400,3,1025
11950,41.0,21651.0,Petrol,97.0,0.0,0,1400,3,1025
11450,37.0,21500.0,Petrol,110.0,1.0,0,1600,5,1030
13250,44.0,21027.0,Petrol,110.0,1.0,0,1600,5,1080
10250,39.0,18500.0,Petrol,110.0,0.0,0,1600,4,1030
13995,35.0,18000.0,Petrol,110.0,1.0,0,1600,5,1075
11950,40.0,17051.0,Petrol,97.0,0.0,0,1400,5,1060
13250,33.0,16512.0,Petrol,97.0,1.0,0,1400,5,1085
12950,40.0,16325.0,Petrol,110.0,1.0,0,1600,5,1080
11750,38.0,16000.0,Petrol,97.0,1.0,0,1400,5,1060
11500,39.0,12000.0,Petrol,110.0,1.0,0,1600,5,1075
13500,43.0,10000.0,Petrol,97.0,1.0,0,1400,5,1060
6500,53.0,216000.0,Diesel,69.0,0.0,0,1900,3,1110
6400,51.0,198167.0,Diesel,69.0,0.0,0,1900,4,1095
7000,53.0,176000.0,Diesel,69.0,0.0,0,1900,3,1105
7750,54.0,174139.0,Diesel,72.0,1.0,0,2000,4,1100
8900,45.0,174000.0,Diesel,69.0,1.0,0,1900,5,1095
8500,55.0,150000.0,CNG,110.0,1.0,0,1600,3,1075
8950,54.0,149329.0,Diesel,72.0,1.0,0,2000,5,1135
9900,51.0,146736.0,Petrol,110.0,1.0,0,1600,5,1080
10250,53.0,143513.0,Diesel,69.0,0.0,0,1900,5,1140
9250,48.0,142130.0,CNG,110.0,0.0,0,1600,5,1119
7750,48.0,140700.0,Diesel,69.0,1.0,0,1900,5,1110
9450,55.67215568862275,138394.0,Diesel,69.0,1.0,0,1900,4,1095
7750,55.0,137000.0,Diesel,72.0,1.0,0,2000,5,1135
8250,52.0,135258.0,Diesel,69.0,1.0,0,1900,5,1140
9950,49.0,131364.0,Petrol,110.0,1.0,0,1600,5,1075
4450,56.0,129155.0,Diesel,69.0,0.0,0,1800,5,1110
9950,50.0,126110.0,Petrol,110.0,0.0,0,1600,3,1055
9000,48.0,119742.0,Petrol,110.0,1.0,0,1600,5,1080
9950,53.0,117913.0,Diesel,69.0,1.0,0,1900,5,1110
12450,47.0,117430.0,Diesel,90.0,1.0,0,2000,3,1165
10500,55.0,68647.23997185081,Petrol,110.0,1.0,0,1600,4,1035
10750,54.0,115558.0,Petrol,110.0,1.0,0,1600,4,1035
8950,53.0,115113.0,Petrol,97.0,1.0,0,1400,3,1025
10500,54.0,115046.0,Diesel,69.0,1.0,0,1900,5,1140
5150,56.0,113997.0,Diesel,72.0,1.0,0,2000,5,1135
10950,49.0,107859.0,Petrol,97.0,0.0,0,1400,5,1060
9450,55.67215568862275,104805.0,Petrol,97.0,1.0,0,1400,3,1025
9950,54.0,103454.0,Petrol,110.0,1.0,0,1600,5,1075
10950,51.0,103018.0,Petrol,69.0,0.0,0,1900,5,1140
11900,47.0,102352.0,Petrol,110.0,1.0,0,1600,5,1080
9950,50.0,102030.0,Petrol,97.0,1.0,0,1400,5,1060
11950,54.0,101352.0,Petrol,110.0,0.0,0,1600,5,1080
7900,50.0,99865.0,Petrol,110.0,1.0,0,1600,4,1035
10950,52.0,99323.0,Petrol,110.0,1.0,0,1600,3,1055
8950,48.0,98100.0,Petrol,69.0,1.0,0,1900,5,1140
11950,51.0,98040.0,Petrol,110.0,0.0,0,1600,5,1080
10900,49.0,97600.0,Petrol,110.0,1.0,0,1600,3,1045
9950,55.0,97234.0,Petrol,110.0,0.0,0,1600,5,1080
9950,51.0,96135.0,Diesel,72.0,0.0,0,2000,3,1115
10950,54.0,96100.0,Petrol,110.0,1.0,0,1600,5,1080
8950,55.0,94401.0,Diesel,72.0,0.0,0,2000,3,1115
8950,55.0,94122.0,Petrol,86.0,1.0,0,1300,3,1015
10500,49.0,91340.0,Petrol,110.0,1.0,0,1600,3,1055
8950,53.0,90200.0,Petrol,97.0,0.0,0,1400,3,1025
9250,53.0,90097.0,Diesel,69.0,1.0,0,1900,5,1140
11500,48.0,89049.0,Petrol,97.0,1.0,0,1400,5,1060
9750,52.0,89000.0,Petrol,110.0,0.0,0,1600,5,1075
9950,45.0,87274.0,Petrol,110.0,1.0,0,1600,3,1040
11450,49.0,86221.0,Petrol,110.0,0.0,0,1600,3,1045
12500,54.0,84598.0,Petrol,110.0,0.0,0,1600,5,1075
10500,50.0,83567.0,Petrol,110.0,0.0,0,1600,5,1075
12950,50.0,83106.0,Petrol,110.0,1.0,0,1600,5,1075
12200,50.0,82805.0,Petrol,110.0,1.0,0,1600,3,1040
10950,50.0,82735.0,Petrol,97.0,1.0,0,1400,3,1030
10950,54.0,81905.0,Petrol,110.0,1.0,0,1600,5,1105
11290,49.0,80320.0,Petrol,110.0,1.0,1,1600,3,1070
10750,49.0,80090.0,Petrol,97.0,1.0,0,1400,3,1030
10895,53.0,79800.0,Petrol,110.0,0.0,0,1600,5,1075
11500,47.0,78785.0,CNG,110.0,1.0,0,1600,5,1119
9750,48.0,78600.0,Petrol,110.0,1.0,0,1600,5,1075
10250,55.0,77780.0,Petrol,110.0,1.0,0,1600,3,1040
12500,49.0,77648.0,Petrol,110.0,0.0,0,1600,4,1030
11950,54.0,77270.0,Petrol,110.0,1.0,0,1600,4,1035
10750,50.0,76167.0,Petrol,97.0,1.0,0,1400,5,1060
11450,46.0,75249.0,Petrol,110.0,1.0,0,1600,4,1035
11950,54.0,75231.0,Petrol,110.0,1.0,0,1600,5,1080
11750,48.0,75045.0,Petrol,110.0,1.0,0,1600,3,1055
10950,50.0,74849.0,Petrol,110.0,1.0,1,1600,4,1060
11950,55.0,74715.0,Petrol,110.0,1.0,0,1600,5,1080
10995,49.0,74656.0,Diesel,69.0,0.0,0,1900,3,1105
11450,56.0,74500.0,Petrol,97.0,0.0,0,1400,3,1025
8900,49.0,74494.0,Petrol,110.0,1.0,0,1600,5,1075
10500,50.0,73634.0,Petrol,110.0,0.0,0,1587,5,1075
11750,47.0,73403.0,Petrol,110.0,1.0,0,1600,5,1075
11450,49.0,73175.0,Petrol,97.0,1.0,0,1400,3,1030
12000,55.67215568862275,73000.0,Petrol,110.0,0.0,0,1600,3,1055
11950,50.0,72242.0,Petrol,110.0,1.0,1,1600,3,1070
9850,53.0,72000.0,Petrol,97.0,1.0,0,1400,3,1025
10950,55.67215568862275,71725.0,Petrol,110.0,1.0,0,1600,4,1035
10950,55.67215568862275,71276.0,Petrol,110.0,0.0,0,1600,5,1080
8695,55.67215568862275,70440.0,Diesel,69.0,1.0,0,1900,3,1105
10990,53.0,70239.0,Petrol,110.0,0.0,0,1600,3,1040
9500,55.0,69813.0,Petrol,97.0,1.0,0,1400,3,1025
11950,49.0,69659.0,Petrol,86.0,0.0,0,1300,3,1025
10750,46.0,69574.0,Petrol,97.0,0.0,0,1400,5,1065
8750,47.0,69000.0,Diesel,69.0,1.0,0,1900,5,1140
8750,49.0,68565.0,Petrol,110.0,1.0,0,1600,4,1030
11450,55.67215568862275,68520.0,Diesel,72.0,1.0,0,2000,3,1115
9950,46.0,68414.0,Petrol,97.0,0.0,0,1400,3,1025
11950,56.0,66777.0,Petrol,110.0,0.0,0,1600,5,1090
13950,52.0,66527.0,Petrol,110.0,1.0,0,1600,5,1080
11250,54.0,66063.0,Petrol,110.0,1.0,0,1600,5,1090
10900,50.0,65471.0,Petrol,97.0,1.0,0,1400,5,1060
9750,56.0,65400.0,Petrol,97.0,1.0,0,1400,3,1025
9950,52.0,65170.0,Petrol,97.0,1.0,0,1400,3,1025
11950,56.0,65000.0,Petrol,110.0,1.0,0,1600,5,1075
10450,48.0,64193.0,Petrol,110.0,1.0,0,1600,3,1040
8950,54.0,64000.0,Petrol,97.0,1.0,0,1400,3,1025
10250,54.0,63792.0,Petrol,110.0,1.0,0,1600,5,1075
9930,53.0,63635.0,Petrol,110.0,1.0,0,1600,4,1035
10500,54.0,63135.0,Petrol,110.0,1.0,0,1600,3,1050
11950,54.0,63123.0,Petrol,110.0,1.0,0,1600,4,1035
11500,55.67215568862275,63000.0,Diesel,69.0,1.0,0,1900,5,1140
11500,55.67215568862275,63000.0,Petrol,110.0,0.0,0,1600,4,1035
11450,54.0,62987.0,Petrol,110.0,0.0,0,1600,5,1080
9900,56.0,62751.0,Petrol,110.0,0.0,0,1600,3,1050
9500,54.0,62519.0,Petrol,97.0,0.0,0,1400,3,1025
10500,50.0,62280.0,Petrol,97.0,1.0,0,1400,5,1060
10750,50.0,61672.0,Petrol,110.0,1.0,0,1600,5,1075
8950,54.0,61000.0,Diesel,69.0,0.0,0,2000,5,1140
12000,56.0,61000.0,Petrol,110.0,1.0,0,1600,3,1050
9940,53.0,60558.0,Petrol,110.0,1.0,0,1600,4,1105
10950,47.0,60348.0,Petrol,110.0,0.0,0,1600,4,1030
10750,54.0,68647.23997185081,Petrol,110.0,1.0,0,1600,5,1075
9799,51.0,59000.0,Petrol,97.0,1.0,0,1400,3,1025
11750,51.0,58761.0,Petrol,97.0,0.0,0,1300,5,1060
11950,54.0,58745.0,Petrol,110.0,1.0,0,1600,4,1035
11250,52.0,58596.0,Petrol,110.0,1.0,0,1600,3,1045
11750,54.0,58530.0,Petrol,110.0,0.0,0,1600,5,1075
10950,55.0,58377.0,Petrol,110.0,1.0,0,1600,3,1050
11250,56.0,58142.0,Petrol,110.0,1.0,0,1600,5,1080
9950,53.0,57948.0,Petrol,97.0,1.0,0,1400,3,1025
9700,51.0,57645.0,Petrol,110.0,0.0,0,1600,5,1080
11950,47.0,57500.0,Petrol,110.0,1.0,0,1600,4,1105
9900,53.0,57475.0,Petrol,110.0,0.0,0,1600,3,1040
9990,55.67215568862275,56743.0,Petrol,110.0,0.0,0,1600,3,1045
9475,48.0,56675.0,Petrol,97.0,1.0,0,1400,3,1025
11500,54.0,55877.0,Petrol,110.0,1.0,0,1600,5,1075
11950,53.0,55500.0,Petrol,110.0,1.0,0,1600,4,1035
11500,55.0,54900.0,Petrol,97.0,1.0,0,1400,5,1060
10500,50.0,54465.0,Petrol,110.0,0.0,0,1600,5,1075
10900,46.0,53700.0,Petrol,97.0,1.0,0,1400,5,1060
11700,52.0,53561.0,Petrol,97.0,1.0,0,1400,5,1060
11900,51.0,53408.0,Petrol,110.0,1.0,0,1600,5,1080
13950,51.0,53268.0,Petrol,110.0,1.0,0,1600,5,1080
10950,49.0,53116.0,Petrol,97.0,1.0,0,1400,3,1025
10500,56.0,52448.0,Petrol,97.0,0.0,0,1400,3,1025
10750,55.0,52149.0,Petrol,97.0,1.0,0,1400,3,1085
11950,55.0,52141.0,Petrol,110.0,1.0,0,1600,5,1070
10000,56.0,52000.0,Petrol,97.0,0.0,0,1400,3,1025
10495,48.0,50967.0,Petrol,97.0,1.0,0,1400,5,1060
11450,50.0,50400.0,Petrol,110.0,0.0,0,1600,5,1080
9400,54.0,50000.0,Petrol,97.0,1.0,0,1400,3,1025
11950,51.0,50000.0,Petrol,86.0,1.0,0,1300,5,1045
9650,53.0,49969.0,Petrol,110.0,0.0,0,1600,5,1075
18950,49.0,49568.0,Petrol,110.0,1.0,0,1600,3,1105
11450,51.0,49473.0,Petrol,110.0,0.0,0,1600,3,1055
10250,52.0,49432.0,Petrol,110.0,1.0,0,1600,3,1050
11450,55.67215568862275,49417.0,Petrol,110.0,1.0,0,1600,3,1045
9950,54.0,49366.0,Petrol,97.0,1.0,0,1400,3,1025
10500,56.0,48731.0,Petrol,110.0,1.0,0,1600,3,1055
13750,55.67215568862275,48370.0,Petrol,110.0,1.0,0,1600,5,1080
9950,48.0,48071.0,Petrol,97.0,0.0,0,1400,3,1025
10250,54.0,47852.0,Petrol,110.0,1.0,0,1600,4,1030
10850,54.0,47768.0,Petrol,110.0,1.0,0,1600,3,1055
11895,52.0,47689.0,Petrol,110.0,0.0,0,1600,5,1075
12950,53.0,47451.0,Petrol,110.0,1.0,0,1600,3,1055
11950,50.0,47219.0,Petrol,110.0,1.0,0,1600,5,1080
10750,56.0,47211.0,Petrol,110.0,1.0,0,1600,5,1070
9550,54.0,46856.0,Petrol,97.0,0.0,0,1400,5,1060
10950,56.0,46500.0,Petrol,86.0,0.0,0,1300,5,1035
11750,55.67215568862275,46449.0,Petrol,110.0,1.0,0,1600,4,1035
10950,47.0,46391.0,Petrol,110.0,0.0,0,1600,5,1075
12450,54.0,46230.0,Petrol,110.0,1.0,0,1600,3,1055
10500,52.0,46029.0,Petrol,110.0,1.0,0,1600,4,1030
10900,50.0,46000.0,Petrol,97.0,0.0,0,1400,3,1025
12950,50.0,45900.0,Petrol,110.0,1.0,0,1600,5,1075
10950,47.0,45850.0,Petrol,97.0,0.0,0,1400,5,1060
12500,56.0,45336.0,Petrol,110.0,1.0,0,1600,5,1080
9950,55.0,44537.0,Petrol,97.0,0.0,0,1400,3,1025
10750,56.0,43700.0,Petrol,86.0,1.0,0,1300,3,1025
12500,48.0,43120.0,Petrol,97.0,1.0,0,1400,3,1030
10450,49.0,41710.0,Petrol,110.0,0.0,0,1600,3,1040
10750,52.0,41700.0,Petrol,97.0,1.0,0,1400,3,1025
12950,49.0,41636.0,Petrol,110.0,1.0,0,1600,5,1105
10995,55.67215568862275,41273.0,Petrol,97.0,0.0,0,1400,5,1060
11950,49.0,40836.0,Petrol,110.0,1.0,1,1600,3,1075
11250,50.0,40400.0,Petrol,97.0,1.0,0,1400,5,1060
11950,47.0,40361.0,Petrol,110.0,1.0,0,1600,5,1090
13750,54.0,40325.0,Petrol,86.0,0.0,0,1300,5,1045
11000,47.0,40000.0,Petrol,110.0,0.0,0,1600,5,1080
13500,50.0,39706.0,Petrol,110.0,1.0,0,1600,5,1080
10950,54.0,39291.0,Petrol,110.0,1.0,0,1600,3,1040
10750,54.0,39000.0,Petrol,97.0,0.0,0,1400,3,1025
8950,47.0,38900.0,Petrol,97.0,1.0,0,1400,3,1025
12950,51.0,38403.0,Petrol,110.0,0.0,0,1600,3,1055
9750,56.0,37461.0,Petrol,97.0,0.0,0,1400,3,1025
10900,54.0,37000.0,Petrol,97.0,1.0,0,1400,3,1025
10995,55.0,36406.0,Petrol,110.0,1.0,0,1600,4,1035
10750,48.0,36005.0,Petrol,97.0,1.0,0,1400,5,1065
10950,52.0,36000.0,Petrol,110.0,1.0,0,1600,5,1075
13000,55.67215568862275,36000.0,Petrol,110.0,0.0,0,1600,5,1080
12950,45.0,36000.0,Petrol,110.0,1.0,1,1600,3,1070
11500,52.0,35823.0,Petrol,110.0,0.0,0,1600,5,1075
10950,55.67215568862275,35230.0,Petrol,97.0,0.0,0,1400,3,1025
11710,48.0,35142.0,Petrol,110.0,0.0,0,1600,3,1055
9980,49.0,34890.0,Petrol,97.0,1.0,0,1400,3,1025
12250,51.0,34882.0,Petrol,110.0,1.0,0,1600,5,1075
11500,46.0,34000.0,Petrol,110.0,1.0,0,1600,5,1075
11950,56.0,33998.0,Petrol,110.0,0.0,0,1600,5,1080
11500,55.0,33230.0,Petrol,110.0,0.0,0,1600,3,1050
11900,46.0,33021.0,Petrol,110.0,1.0,0,1600,5,1080
11930,49.0,31999.0,Petrol,97.0,0.0,0,1400,3,1030
10500,55.67215568862275,31579.0,Petrol,97.0,0.0,0,1400,3,1025
8950,56.0,31000.0,Petrol,97.0,0.0,0,1400,3,1025
10450,46.0,30806.0,Petrol,97.0,1.0,0,1400,5,1060
10500,55.0,30461.0,Petrol,86.0,1.0,0,1300,5,1050
12950,50.0,29686.0,Petrol,110.0,1.0,1,1600,3,1075
9950,55.67215568862275,29650.0,Petrol,86.0,1.0,0,1300,3,1025
12900,52.0,29500.0,Petrol,110.0,1.0,0,1600,3,1055
9950,48.0,28656.0,Petrol,97.0,0.0,0,1400,3,1085
9950,55.0,27500.0,Petrol,97.0,1.0,0,1400,3,1025
10950,48.0,26938.0,Petrol,110.0,1.0,0,1600,3,1040
10950,53.0,26624.0,Petrol,97.0,0.0,0,1400,5,1060
9950,47.0,26221.0,Petrol,97.0,1.0,0,1400,3,1025
10950,50.0,22648.0,Petrol,97.0,1.0,0,1400,5,1060
10800,50.0,22500.0,Petrol,97.0,1.0,0,1400,3,1025
10500,56.0,19313.0,Petrol,97.0,0.0,0,1400,3,1025
10450,50.0,17619.0,Petrol,110.0,1.0,0,1600,4,1030
10600,51.0,17069.0,Petrol,97.0,1.0,0,1400,3,1025
10450,48.0,15000.0,Petrol,97.0,1.0,0,1400,3,1025
12950,50.0,10210.0,Petrol,97.0,0.0,0,1400,5,1065
11250,47.0,5309.0,Petrol,110.0,1.0,1,1600,3,1070
7500,50.0,1.0,Diesel,90.0,1.0,0,2000,3,1260
8950,52.0,31000.0,Petrol,97.0,1.0,0,1398,3,1025
6950,58.0,205000.0,Diesel,72.0,1.0,0,2000,4,1100
7900,68.0,204250.0,Diesel,72.0,1.0,0,2000,3,1115
5950,68.0,194545.0,Petrol,86.0,0.0,0,1300,4,1000
7500,59.0,190900.0,Diesel,72.0,1.0,0,2000,3,1115
7500,62.0,183500.0,Diesel,72.0,1.0,0,2000,5,1140
6900,65.0,176184.0,Diesel,72.0,1.0,0,2000,3,1115
5751,67.0,174833.0,Diesel,72.0,0.0,0,2000,4,1100
6950,68.0,155720.0,Petrol,86.0,1.0,0,1300,3,1015
7950,67.0,155500.0,Petrol,110.0,1.0,0,1600,5,1050
7750,59.0,154783.0,Diesel,72.0,1.0,0,2000,3,1120
7950,64.0,154462.0,Diesel,72.0,1.0,0,2000,5,1135
8250,64.0,150585.0,Petrol,110.0,1.0,0,1600,3,1065
6250,67.0,149000.0,Diesel,90.0,1.0,0,2000,5,1135
9500,62.0,147636.0,Petrol,72.0,1.0,0,2000,5,1135
6900,59.0,144521.0,Diesel,72.0,1.0,0,2000,5,1135
8450,64.0,144000.0,Petrol,110.0,1.0,0,1600,3,1065
7350,65.0,140168.0,Diesel,72.0,1.0,0,2000,3,1115
8950,68.0,140000.0,Petrol,110.0,1.0,0,1600,5,1085
6900,60.0,139800.0,Diesel,72.0,0.0,0,2000,3,1115
8950,59.0,137050.0,CNG,110.0,1.0,0,1600,3,1078
8750,61.0,136956.0,Petrol,110.0,0.0,0,1600,3,1065
7950,67.0,135337.0,CNG,110.0,1.0,0,1600,5,1120
8950,64.0,133769.0,Diesel,72.0,1.0,0,2000,3,1120
8950,58.0,133405.0,Diesel,72.0,1.0,0,2000,5,1135
8950,65.0,132807.0,Diesel,72.0,1.0,0,2000,5,1135
7950,64.0,132393.0,Diesel,72.0,0.0,0,2000,5,1135
7750,60.0,130270.0,Petrol,110.0,0.0,0,1600,3,1050
7500,59.0,130000.0,Diesel,72.0,1.0,0,2000,4,1135
8950,67.0,127000.0,Diesel,101.47832167832168,1.0,0,2000,5,1135
9800,67.0,126800.0,Diesel,72.0,0.0,0,2000,5,1135
9450,66.0,126452.0,Petrol,110.0,1.0,0,1600,5,1085
8950,62.0,125175.0,Diesel,116.0,0.0,0,2000,5,1150
8750,68.0,125000.0,Diesel,72.0,1.0,0,2000,3,1115
10500,61.0,123000.0,Diesel,72.0,0.0,0,2000,5,1135
7995,59.0,121626.0,Petrol,86.0,0.0,0,1300,5,1050
10450,64.0,120400.0,Petrol,101.47832167832168,0.0,0,1600,5,1090
9950,66.0,120000.0,Diesel,72.0,0.0,0,2000,4,1100
9950,68.0,119541.0,Petrol,110.0,0.0,0,1600,3,1055
8950,68.0,119500.0,Petrol,110.0,1.0,0,1600,5,1070
7950,68.0,119289.0,Petrol,110.0,1.0,0,1600,4,1035
10950,57.0,118833.0,Petrol,110.0,0.0,0,1600,3,1065
9950,64.0,118000.0,Diesel,72.0,1.0,0,2000,5,1150
8600,68.0,117955.0,Petrol,110.0,1.0,1,1600,4,1065
7250,65.0,117609.0,Petrol,86.0,0.0,0,1300,3,1015
6950,68.0,117000.0,Diesel,72.0,0.0,0,2000,3,1115
8000,64.0,116000.0,Petrol,86.0,0.0,0,1300,5,1045
9950,58.0,115715.0,Petrol,110.0,0.0,0,1600,5,1070
9450,60.0,115191.0,CNG,110.0,1.0,0,1600,4,1079
7950,68.0,115071.0,Petrol,110.0,1.0,0,1600,3,1055
9450,63.0,115000.0,CNG,110.0,0.0,0,1600,3,1109
9950,64.0,114846.0,Petrol,110.0,1.0,0,1600,5,1075
6950,65.0,114383.0,Diesel,90.0,0.0,0,2000,3,1260
8250,59.0,113700.0,Petrol,110.0,1.0,0,1600,5,1065
9950,67.0,113118.0,Petrol,86.0,1.0,0,1300,3,1020
8250,59.0,112827.0,Petrol,86.0,1.0,0,1300,5,1040
9950,68.0,112116.0,Petrol,110.0,1.0,0,1600,5,1070
10500,66.0,112000.0,Petrol,110.0,1.0,0,1600,3,1065
7950,62.0,112000.0,Diesel,72.0,0.0,0,2000,4,1135
9750,65.0,111769.0,Petrol,110.0,0.0,0,1600,3,1065
9250,61.0,110853.0,Petrol,110.0,1.0,0,1600,5,1070
9500,68.0,110287.0,Petrol,110.0,1.0,0,1600,3,1050
9950,62.0,109547.0,Petrol,110.0,1.0,0,1600,5,1075
7750,63.0,109230.0,Petrol,110.0,0.0,0,1600,3,1050
9500,68.0,109150.0,Petrol,110.0,0.0,0,1600,5,1075
9950,67.0,108793.0,Petrol,110.0,1.0,0,1600,4,1035
9750,64.0,106784.0,Petrol,110.0,0.0,1,1600,3,1050
9750,58.0,105942.0,Petrol,86.0,0.0,0,1300,5,1040
5950,59.0,105000.0,Petrol,86.0,1.0,0,1300,3,1015
8500,55.67215568862275,105000.0,Petrol,86.0,0.0,0,1300,5,1040
8495,68.0,104299.0,Petrol,110.0,1.0,0,1600,5,1085
9250,67.0,104000.0,Petrol,86.0,0.0,0,1300,3,1020
6900,55.67215568862275,104000.0,Petrol,86.0,1.0,0,1300,3,1015
8950,58.0,103458.0,Petrol,86.0,1.0,0,1300,3,1025
9500,55.67215568862275,103400.0,Petrol,110.0,1.0,0,1600,5,1075
9250,63.0,102807.0,Petrol,86.0,0.0,0,1300,5,1055
9895,68.0,102494.0,Petrol,110.0,0.0,0,1600,5,1090
9950,57.0,102300.0,Diesel,72.0,1.0,0,2000,5,1135
7950,61.0,102106.0,Petrol,110.0,0.0,0,1600,3,1050
8750,68.0,101889.0,Petrol,110.0,1.0,0,1600,5,1075
8250,57.0,101791.0,Diesel,72.0,0.0,0,2000,3,1115
8950,63.0,101469.0,Petrol,110.0,1.0,0,1600,3,1065
8950,68.0,101001.0,Petrol,110.0,0.0,0,1600,5,1075
8950,61.0,100748.0,Petrol,110.0,1.0,0,1600,5,1070
8950,65.0,100550.0,Petrol,110.0,1.0,0,1600,5,1075
9450,67.0,99781.0,Petrol,110.0,1.0,0,1600,5,1085
8950,59.0,98658.0,Petrol,86.0,1.0,0,1300,3,1020
9250,65.0,98500.0,Petrol,110.0,1.0,0,1600,5,1075
8750,64.0,98291.0,Petrol,86.0,0.0,0,1300,4,1000
9950,61.0,97648.0,Petrol,110.0,1.0,0,1600,3,1065
9950,55.67215568862275,97425.0,Petrol,110.0,1.0,0,1600,5,1075
9900,65.0,97173.0,Petrol,86.0,0.0,0,1300,3,1015
8950,66.0,97046.0,Petrol,86.0,1.0,0,1300,4,1000
8950,67.0,96000.0,Petrol,110.0,1.0,0,1600,3,1050
12250,55.67215568862275,96000.0,Petrol,72.0,1.0,0,2000,4,1100
9250,67.0,95750.0,Petrol,110.0,1.0,0,1600,5,1070
10250,61.0,95147.0,Petrol,110.0,1.0,0,1600,3,1050
8950,55.67215568862275,95000.0,Petrol,110.0,0.0,0,1600,3,1050
7999,65.0,95000.0,Petrol,110.0,1.0,0,1600,3,1050
9900,66.0,94606.0,Petrol,110.0,0.0,0,1600,3,1065
8250,63.0,94504.0,Petrol,86.0,1.0,0,1300,4,1000
10500,65.0,93428.0,Petrol,110.0,1.0,0,1600,5,1075
8450,65.0,93408.0,Petrol,86.0,0.0,0,1300,3,1015
9900,68.0,93296.0,Petrol,110.0,1.0,0,1600,5,1090
10500,62.0,93098.0,Petrol,110.0,1.0,0,1600,5,1075
8500,67.0,92922.0,Diesel,72.0,1.0,0,2000,4,1100
9500,61.0,92498.0,Petrol,110.0,1.0,0,1600,3,1050
9450,65.0,92226.0,Petrol,110.0,0.0,0,1600,3,1065
9900,55.67215568862275,91505.0,Diesel,72.0,0.0,0,2000,3,1115
8250,55.67215568862275,91333.0,Petrol,110.0,1.0,0,1600,3,1050
8750,55.67215568862275,91246.0,Petrol,86.0,1.0,0,1300,3,1015
9500,58.0,91000.0,Petrol,110.0,1.0,0,1600,5,1075
8450,68.0,90727.0,Petrol,110.0,0.0,0,1600,3,1050
8490,62.0,90000.0,Petrol,110.0,0.0,0,1600,3,1050
8750,60.0,89576.0,Petrol,110.0,0.0,0,1600,4,1035
9750,64.0,89145.0,Petrol,86.0,1.0,0,1300,3,1025
9950,63.0,89000.0,Petrol,110.0,1.0,0,1600,5,1085
8500,68.0,88807.0,Petrol,110.0,0.0,0,1600,3,1050
8450,63.0,88685.0,Petrol,110.0,0.0,0,1600,5,1070
7900,62.0,88667.0,Petrol,110.0,1.0,0,1600,4,1040
8750,57.0,88480.0,Petrol,110.0,1.0,0,1600,3,1050
7950,61.0,88127.0,Petrol,86.0,0.0,0,1300,3,1015
6900,62.0,88000.0,Petrol,86.0,0.0,0,1300,3,1020
8150,65.0,87821.0,Petrol,86.0,1.0,0,1300,3,1015
10995,59.0,87654.0,Petrol,86.0,1.0,1,1300,5,1065
8900,59.0,86888.0,Petrol,110.0,1.0,0,1600,3,1050
9500,59.0,86871.0,Petrol,86.0,1.0,0,1300,5,1040
8950,68.0,86714.0,Petrol,110.0,1.0,0,1600,4,1035
11500,65.0,85889.0,Petrol,110.0,1.0,0,1600,3,1065
10450,62.0,85000.0,Petrol,110.0,1.0,0,1600,3,1050
10500,60.0,85000.0,Petrol,86.0,1.0,0,1300,3,1025
9250,68.0,84976.0,Petrol,110.0,1.0,0,1600,4,1035
10950,65.0,84558.0,Petrol,110.0,1.0,0,1600,5,1120
10450,62.0,84549.0,Petrol,110.0,1.0,0,1600,5,1075
9250,68.0,84482.0,Petrol,110.0,1.0,0,1600,5,1075
8750,62.0,83908.0,Petrol,110.0,1.0,0,1600,5,1070
8750,67.0,83560.0,Petrol,86.0,0.0,0,1300,3,1015
9800,68.0,83000.0,Petrol,107.0,1.0,1,1600,5,1100
8250,64.0,82723.0,Petrol,86.0,0.0,0,1300,3,1015
10450,62.0,82421.0,Petrol,110.0,1.0,0,1600,3,1065
9750,58.0,82254.0,Petrol,110.0,0.0,0,1600,5,1050
8950,61.0,82115.0,Petrol,110.0,1.0,0,1600,3,1055
7450,65.0,82000.0,Petrol,86.0,1.0,0,1300,3,1015
8450,68.0,81965.0,Petrol,86.0,1.0,0,1300,5,1035
8250,55.67215568862275,81250.0,Petrol,110.0,0.0,0,1600,3,1050
10950,65.0,81192.0,Petrol,110.0,1.0,0,1600,3,1065
8950,61.0,81170.0,Petrol,110.0,1.0,0,1600,4,1040
8750,66.0,81083.0,Petrol,86.0,0.0,0,1300,3,1015
10450,61.0,80714.0,Petrol,110.0,1.0,0,1600,5,1075
10950,57.0,80470.0,Petrol,110.0,0.0,0,1600,5,1085
8450,65.0,80439.0,Petrol,110.0,1.0,0,1600,4,1035
9950,59.0,80430.0,Petrol,110.0,1.0,0,1600,3,1065
9950,55.67215568862275,80426.0,Petrol,110.0,1.0,0,1600,3,1055
8750,62.0,80265.0,Petrol,86.0,0.0,0,1300,3,1015
9950,65.0,80153.0,Petrol,110.0,0.0,0,1600,5,1070
9500,68.0,80121.0,Petrol,110.0,0.0,0,1600,5,1070
8250,65.0,80086.0,Petrol,110.0,1.0,0,1600,4,1035
10950,62.0,80000.0,Petrol,110.0,1.0,0,1600,5,1075
7950,60.0,80000.0,Petrol,86.0,0.0,0,1300,5,1015
8250,65.0,80000.0,Petrol,86.0,1.0,0,1300,2,1015
9895,67.0,79858.0,Petrol,110.0,1.0,0,1600,4,1040
9130,67.0,79762.0,Petrol,86.0,1.0,0,1300,3,1015
10950,59.0,79660.0,Petrol,86.0,0.0,1,1300,5,1065
10500,60.0,79150.0,Petrol,110.0,1.0,0,1600,5,1075
8900,61.0,79000.0,Petrol,110.0,1.0,0,1600,3,1050
9500,57.0,78955.0,Petrol,86.0,1.0,0,1300,5,1045
10950,59.0,78750.0,Diesel,90.0,1.0,0,1975,5,1155
7950,68.0,78521.0,Petrol,86.0,0.0,0,1300,3,1015
7950,64.0,78356.0,Petrol,86.0,1.0,0,1300,3,1015
7950,65.0,78076.0,Petrol,86.0,1.0,0,1300,3,1015
9500,55.67215568862275,78063.0,Petrol,107.0,1.0,1,1600,5,1100
10950,55.67215568862275,77821.0,Petrol,110.0,1.0,0,1600,5,1075
9750,68.0,77695.0,Petrol,110.0,1.0,0,1600,4,1035
9750,65.0,77500.0,Petrol,110.0,1.0,0,1600,3,1050
9450,63.0,77457.0,Petrol,110.0,1.0,0,1600,3,1055
8950,68.0,77029.0,Petrol,86.0,1.0,0,1300,3,1015
8950,68.0,77008.0,Petrol,86.0,1.0,0,1300,3,1015
8900,66.0,76791.0,Petrol,110.0,1.0,0,1600,5,1070
9950,61.0,76700.0,Petrol,86.0,1.0,0,1300,5,1035
8750,67.0,76569.0,Petrol,86.0,1.0,0,1300,3,1020
8950,59.0,76162.0,Petrol,110.0,1.0,0,1600,5,1075
8990,65.0,76155.0,Petrol,110.0,1.0,0,1600,4,1035
8950,61.0,75609.0,Petrol,86.0,1.0,0,1300,3,1015
8950,62.0,75569.0,Diesel,72.0,1.0,0,2000,3,1120
9950,55.67215568862275,75429.0,Petrol,110.0,1.0,0,1600,3,1065
9900,68.0,75000.0,Petrol,110.0,1.0,0,1600,5,1075
8950,65.0,75000.0,Petrol,86.0,0.0,0,1300,3,1015
8950,62.0,75000.0,Petrol,110.0,1.0,0,1600,5,1070
9500,66.0,74963.0,Petrol,107.0,0.0,1,1600,3,1085
7950,68.0,74889.0,Petrol,86.0,1.0,0,1300,3,1015
7750,55.67215568862275,74875.0,Petrol,110.0,0.0,0,1600,5,1070
8950,63.0,74747.0,Petrol,110.0,1.0,0,1600,5,1075
11950,60.0,74720.0,Petrol,110.0,1.0,0,1600,5,1085
8950,62.0,74457.0,Petrol,110.0,0.0,0,1600,5,1075
11950,60.0,74337.0,Petrol,86.0,0.0,0,1300,5,1035
8950,68.0,74308.0,Petrol,110.0,0.0,0,1600,3,1050
9950,64.0,74193.0,Petrol,110.0,1.0,0,1600,3,1050
8250,65.0,74179.0,Petrol,110.0,1.0,0,1600,3,1050
8995,67.0,73936.0,Petrol,86.0,1.0,0,1300,5,1050
9995,61.0,73894.0,Petrol,110.0,1.0,0,1600,3,1065
9250,64.0,73500.0,Petrol,110.0,1.0,0,1600,3,1050
10950,64.0,73376.0,Petrol,110.0,0.0,0,1600,5,1070
8900,55.67215568862275,73300.0,Petrol,86.0,1.0,0,1300,3,1015
9500,55.67215568862275,73172.0,Petrol,110.0,1.0,0,1600,5,1075
9950,58.0,72928.0,Petrol,110.0,1.0,0,1600,5,1075
7950,67.0,72880.0,Petrol,86.0,1.0,0,1332,3,1015
8250,63.0,72522.0,Petrol,110.0,1.0,0,1600,3,1050
9450,64.0,72000.0,Petrol,86.0,1.0,0,1300,3,1015
7950,57.0,72000.0,Petrol,86.0,0.0,0,1300,3,1015
9500,59.0,71366.0,Petrol,110.0,0.0,0,1600,3,1065
8950,65.0,71317.0,Petrol,110.0,1.0,0,1600,3,1050
10950,62.0,71000.0,Petrol,110.0,0.0,0,1600,5,1070
8950,60.0,70954.0,Petrol,110.0,0.0,0,1600,3,1050
9450,63.0,70908.0,Petrol,86.0,0.0,0,1300,5,1035
8000,58.0,70560.0,Petrol,110.0,1.0,0,1600,3,1050
9900,67.0,70552.0,Petrol,110.0,0.0,0,1600,5,1075
8950,62.0,70500.0,Petrol,110.0,1.0,0,1600,5,1035
10900,60.0,70453.0,Diesel,72.0,0.0,0,2000,5,1135
9450,59.0,70218.0,Petrol,110.0,1.0,0,1600,3,1050
8450,64.0,70116.0,Petrol,110.0,1.0,0,1600,4,1035
9500,65.0,70068.0,Petrol,110.0,1.0,0,1600,5,1075
10500,67.0,70000.0,Petrol,107.0,1.0,1,1587,3,1065
6950,68.0,70000.0,Petrol,86.0,1.0,0,1300,3,1015
9750,68.0,69103.0,Petrol,110.0,0.0,0,1600,4,1035
6950,58.0,69022.0,Petrol,86.0,1.0,0,1300,5,1035
9650,67.0,69000.0,Petrol,110.0,1.0,0,1600,3,1065
9950,68.0,68865.0,Petrol,110.0,1.0,0,1600,3,1065
9250,58.0,68723.0,Petrol,86.0,0.0,0,1300,3,1025
8950,63.0,68453.0,Petrol,110.0,1.0,0,1600,5,1070
9900,63.0,68238.0,Petrol,86.0,0.0,0,1300,5,1050
10995,63.0,68153.0,Petrol,110.0,1.0,0,1600,5,1085
10500,65.0,68000.0,Petrol,110.0,0.0,0,1600,5,1075
8950,65.0,68000.0,Petrol,86.0,1.0,0,1300,3,1015
9750,67.0,67762.0,Petrol,110.0,1.0,0,1600,3,1065
10950,68.0,67146.0,Petrol,110.0,1.0,0,1600,5,1075
9750,67.0,67110.0,Petrol,86.0,1.0,0,1300,5,1035
9950,59.0,67010.0,Petrol,110.0,1.0,0,1600,3,1065
10500,65.0,67003.0,Petrol,110.0,1.0,0,1600,4,1035
10400,68.0,66785.0,Petrol,86.0,0.0,1,1300,3,1045
8800,68.0,66550.0,Petrol,86.0,0.0,0,1332,3,1010
10500,61.0,66259.0,Petrol,110.0,1.0,0,1600,3,1065
9250,62.0,66082.0,Petrol,110.0,1.0,0,1600,5,1070
7800,65.0,66000.0,Petrol,86.0,1.0,0,1300,3,1015
9950,61.0,66000.0,Petrol,110.0,0.0,0,1600,3,1050
10750,63.0,65896.0,Petrol,110.0,1.0,0,1600,3,1065
10950,67.0,65785.0,Petrol,110.0,1.0,0,1600,5,1075
9950,65.0,65513.0,Petrol,110.0,1.0,1,1600,4,1070
9950,59.0,65463.0,Petrol,110.0,1.0,0,1600,5,1070
8100,55.67215568862275,65400.0,Petrol,86.0,1.0,0,1300,4,1000
9250,60.0,65259.0,Petrol,110.0,1.0,0,1600,3,1050
7800,64.0,65000.0,Petrol,110.0,1.0,0,1600,3,1050
9000,68.0,65000.0,Petrol,110.0,0.0,0,1600,5,1070
8950,57.0,65000.0,Petrol,110.0,0.0,0,1600,4,1035
8950,62.0,64966.0,Petrol,86.0,1.0,0,1300,3,1020
9950,68.0,64950.0,Petrol,110.0,1.0,0,1600,5,1075
8500,60.0,64914.0,Petrol,110.0,1.0,0,1600,5,1070
7995,62.0,64797.0,Petrol,110.0,1.0,0,1600,5,1075
8750,65.0,64772.0,Petrol,110.0,1.0,0,1600,3,1050
9750,63.0,64690.0,Petrol,86.0,0.0,0,1300,3,1020
10950,65.0,64630.0,Petrol,110.0,0.0,0,1600,5,1070
9750,67.0,64613.0,Petrol,110.0,1.0,0,1600,5,1085
8200,60.0,64383.0,Petrol,86.0,1.0,0,1300,3,1015
8950,68.0,64000.0,Petrol,110.0,1.0,0,1600,5,1075
9500,66.0,63881.0,Petrol,86.0,0.0,0,1300,3,1015
10950,58.0,63870.0,Diesel,72.0,0.0,0,2000,5,1135
9750,66.0,63328.0,Petrol,86.0,0.0,1,1300,5,1065
9950,65.0,63000.0,Petrol,86.0,1.0,1,1300,5,1065
10450,55.67215568862275,63000.0,Petrol,86.0,0.0,1,1300,3,1050
9850,65.0,62396.0,Petrol,110.0,0.0,0,1600,3,1050
9450,62.0,62377.0,Petrol,110.0,1.0,0,1600,5,1075
10295,67.0,62316.0,Petrol,110.0,1.0,0,1600,3,1050
9750,68.0,62292.0,Petrol,110.0,1.0,0,1600,3,1065
8950,65.0,62225.0,Petrol,110.0,1.0,0,1600,3,1050
9900,68.0,62222.0,Petrol,110.0,0.0,0,1600,5,1075
8750,66.0,62135.0,Petrol,86.0,1.0,0,1300,5,1035
9950,58.0,62024.0,Petrol,110.0,1.0,0,1600,5,1075
8500,60.0,61977.0,Petrol,86.0,1.0,0,1300,3,1015
9950,62.0,61930.0,Petrol,110.0,1.0,0,1600,4,1035
10950,57.0,61682.0,Petrol,110.0,0.0,0,1600,3,1050
9795,68.0,61568.0,Petrol,110.0,1.0,0,1600,4,1035
8750,68.0,61504.0,Petrol,110.0,1.0,0,1600,4,1035
8250,65.0,61384.0,Petrol,110.0,1.0,0,1600,3,1050
9950,58.0,61343.0,Petrol,110.0,1.0,0,1600,5,1075
9950,62.0,61254.0,Petrol,110.0,0.0,0,1600,5,1075
10500,59.0,61166.0,Petrol,110.0,1.0,0,1600,3,1050
9750,62.0,61149.0,Petrol,86.0,1.0,0,1300,5,1040
11250,61.0,61144.0,Petrol,110.0,1.0,0,1600,5,1090
8900,59.0,61127.0,Petrol,110.0,1.0,0,1600,3,1050
7950,60.0,61100.0,Petrol,86.0,1.0,0,1300,3,1015
11500,68.0,61100.0,Petrol,110.0,1.0,0,1600,5,1075
9450,57.0,61000.0,Petrol,110.0,1.0,0,1600,3,1050
7995,65.0,60724.0,Petrol,86.0,1.0,0,1300,3,1015
10995,59.0,60708.0,Petrol,86.0,1.0,0,1300,5,1045
8950,61.0,60532.0,Petrol,110.0,1.0,0,1600,3,1050
8250,55.67215568862275,60000.0,Petrol,86.0,0.0,1,1300,4,1030
8950,66.0,60000.0,Petrol,86.0,1.0,0,1300,3,1015
8950,65.0,60000.0,Petrol,86.0,1.0,0,1300,3,1015
9500,62.0,59295.0,Petrol,86.0,0.0,0,1300,5,1035
7500,65.0,59264.0,Petrol,86.0,0.0,0,1300,3,1015
8950,63.0,59000.0,Petrol,110.0,0.0,0,1600,3,1050
9950,63.0,59000.0,Petrol,86.0,1.0,0,1300,5,1035
9750,65.0,59000.0,Petrol,110.0,0.0,0,1600,5,1075
9450,61.0,59000.0,Petrol,110.0,1.0,0,1600,5,1070
9950,65.0,59000.0,Petrol,110.0,0.0,0,1600,3,1050
9750,68.0,58860.0,Petrol,110.0,1.0,0,1600,3,1055
8950,65.0,58829.0,Petrol,110.0,0.0,0,1600,3,1050
8250,66.0,58654.0,Petrol,110.0,1.0,0,1600,5,1070
7750,65.0,58300.0,Petrol,86.0,1.0,0,1300,3,1015
8950,60.0,58269.0,Petrol,110.0,1.0,0,1600,3,1050
9950,64.0,58136.0,Petrol,110.0,1.0,0,1600,5,1075
9450,66.0,58113.0,Petrol,107.0,1.0,1,1600,3,1085
12950,67.0,58058.0,Petrol,110.0,1.0,0,1600,3,1065
9950,58.0,58000.0,Petrol,110.0,1.0,0,1600,3,1050
10495,62.0,58000.0,Petrol,110.0,1.0,0,1600,3,1065
7950,68.0,57565.0,Petrol,86.0,1.0,0,1300,5,1035
10500,63.0,57413.0,Petrol,107.0,0.0,1,1600,5,1115
8950,65.0,57374.0,Petrol,110.0,1.0,0,1600,5,1075
9900,62.0,57179.0,Petrol,110.0,1.0,0,1600,5,1075
9995,61.0,57169.0,Petrol,110.0,1.0,0,1600,3,1065
9950,63.0,57124.0,Petrol,110.0,1.0,0,1600,3,1065
9950,63.0,57000.0,Petrol,110.0,1.0,0,1600,3,1050
8250,67.0,57000.0,Petrol,110.0,0.0,0,1600,3,1050
9950,63.0,57000.0,Petrol,86.0,1.0,0,1300,5,1035
8950,59.0,56259.0,Petrol,86.0,0.0,0,1300,3,1015
10950,62.0,56209.0,Petrol,107.0,1.0,1,1600,3,1080
9250,67.0,56074.0,Petrol,86.0,0.0,0,1300,4,1000
9950,63.0,55942.0,Petrol,110.0,1.0,0,1600,5,1070
9995,57.0,55844.0,Petrol,86.0,1.0,0,1300,5,1045
8750,61.0,55747.0,Petrol,86.0,0.0,0,1300,3,1020
10950,58.0,55478.0,Petrol,86.0,0.0,0,1300,5,1045
10350,55.67215568862275,55085.0,Petrol,107.0,0.0,1,1600,5,1105
9950,65.0,55061.0,Petrol,110.0,1.0,0,1600,5,1070
8950,65.0,55000.0,Petrol,86.0,1.0,0,1300,3,1015
10950,57.0,55000.0,Petrol,110.0,0.0,0,1600,5,1075
10950,63.0,54936.0,Petrol,110.0,1.0,0,1600,5,1075
8950,68.0,54875.0,Petrol,110.0,1.0,0,1600,5,1070
8900,67.0,54847.0,Petrol,110.0,0.0,0,1600,3,1050
10250,60.0,54554.0,Petrol,110.0,1.0,0,1600,3,1065
9450,61.0,54125.0,Petrol,110.0,1.0,0,1600,5,1035
9250,61.0,54000.0,Petrol,110.0,1.0,0,1600,3,1055
10500,57.0,54000.0,Petrol,110.0,1.0,0,1600,5,1075
7350,58.0,54000.0,Petrol,86.0,0.0,0,1300,5,1035
10250,57.0,54000.0,Petrol,110.0,1.0,0,1600,3,1135
10250,62.0,53285.0,Petrol,110.0,1.0,0,1600,5,1075
11500,65.0,53053.0,Petrol,110.0,1.0,0,1600,5,1075
8950,68.0,53000.0,Petrol,110.0,1.0,1,1587,3,1075
7750,55.67215568862275,53000.0,Petrol,86.0,0.0,0,1300,3,1015
9500,64.0,52968.0,Petrol,110.0,1.0,0,1600,3,1050
8450,67.0,52800.0,Petrol,86.0,1.0,0,1300,3,1015
8950,57.0,52548.0,Petrol,110.0,0.0,0,1600,3,1050
8400,60.0,52487.0,Petrol,110.0,1.0,0,1600,4,1035
9250,66.0,52383.0,Petrol,86.0,0.0,0,1300,3,1015
8900,61.0,52112.0,Petrol,110.0,1.0,0,1600,4,1035
8750,58.0,51712.0,Petrol,110.0,0.0,0,1600,3,1050
10950,58.0,51421.0,Petrol,110.0,0.0,1,1600,5,1105
8950,61.0,51235.0,Petrol,86.0,1.0,0,1300,4,1000
8950,65.0,51000.0,Petrol,86.0,1.0,0,1300,3,1015
8895,61.0,50925.0,Petrol,110.0,1.0,0,1600,5,1070
9390,66.0,50806.0,Petrol,86.0,0.0,0,1300,3,1480
8750,59.0,50469.0,Petrol,110.0,1.0,0,1600,5,1070
9750,61.0,50173.0,Petrol,110.0,1.0,0,1600,5,1075
9950,62.0,50000.0,Petrol,110.0,1.0,0,1600,5,1075
10950,65.0,49942.0,Petrol,110.0,0.0,0,1600,3,1065
9900,67.0,49585.0,Petrol,110.0,0.0,0,1600,5,1085
9500,62.0,49258.0,Petrol,110.0,1.0,0,1600,4,1035
9950,61.0,49000.0,Petrol,110.0,0.0,0,1600,3,1050
9950,63.0,48738.0,Petrol,110.0,0.0,0,1600,5,1055
10500,62.0,47750.0,Petrol,86.0,1.0,0,1300,5,1040
9950,63.0,47612.0,Petrol,86.0,0.0,0,1300,3,1015
10495,68.0,47500.0,Petrol,86.0,1.0,0,1300,5,1035
9500,55.67215568862275,47237.0,Petrol,110.0,0.0,0,1600,3,1050
8500,58.0,47171.0,Petrol,86.0,1.0,0,1300,3,1015
10450,60.0,47060.0,Petrol,110.0,0.0,0,1600,4,1035
8950,65.0,47014.0,Petrol,86.0,1.0,0,1300,3,1015
9900,59.0,46929.0,Petrol,86.0,1.0,0,1300,3,1025
8900,55.67215568862275,46000.0,Petrol,86.0,0.0,0,1300,5,1035
8745,65.0,45681.0,Petrol,110.0,0.0,0,1600,3,1050
8750,65.0,45549.0,Petrol,86.0,1.0,0,1300,3,1015
10750,57.0,45000.0,Petrol,110.0,1.0,0,1600,5,1050
9750,57.0,45000.0,Petrol,110.0,1.0,0,1600,3,1050
8850,65.0,45000.0,Petrol,110.0,0.0,0,1600,5,1075
7950,66.0,45000.0,Petrol,86.0,1.0,0,1300,5,1035
9450,63.0,45000.0,Petrol,110.0,1.0,0,1600,4,1035
9950,61.0,45000.0,Petrol,107.0,0.0,1,1600,3,1085
8250,63.0,44944.0,Petrol,110.0,1.0,0,1600,4,1035
9950,61.0,44597.0,Petrol,86.0,1.0,0,1300,3,1015
9995,55.67215568862275,44458.0,Petrol,86.0,0.0,0,1300,3,1015
9950,59.0,43818.0,Petrol,110.0,0.0,0,1600,5,1070
10495,60.0,43426.0,Petrol,110.0,1.0,0,1600,5,1070
7950,55.67215568862275,43000.0,Petrol,110.0,1.0,1,1600,4,1114
8950,68.0,43000.0,Petrol,110.0,1.0,0,1600,5,1035
9695,57.0,43000.0,Petrol,110.0,0.0,0,1600,5,1075
7750,64.0,43000.0,Petrol,86.0,1.0,0,1300,3,1015
9950,68.0,42750.0,Petrol,110.0,1.0,0,1600,3,1050
9950,67.0,42102.0,Petrol,110.0,1.0,0,1600,5,1075
9950,63.0,41586.0,Petrol,110.0,1.0,0,1600,5,1114
9900,64.0,41200.0,Petrol,110.0,1.0,0,1600,5,1070
10950,57.0,40214.0,Petrol,86.0,0.0,0,1300,3,1025
8950,60.0,40000.0,Petrol,86.0,1.0,0,1300,4,1000
8950,66.0,39222.0,Petrol,86.0,1.0,1,1300,3,1045
8250,66.0,39144.0,Petrol,110.0,1.0,0,1600,3,1050
10250,62.0,39000.0,Petrol,110.0,1.0,0,1600,5,1075
8750,61.0,38019.0,Petrol,110.0,1.0,0,1600,5,1070
9750,55.67215568862275,37759.0,Petrol,110.0,1.0,0,1600,5,1070
10950,61.0,37500.0,Petrol,110.0,0.0,0,1600,5,1085
10950,60.0,37111.0,Petrol,110.0,1.0,0,1600,3,1050
9750,62.0,37000.0,Petrol,86.0,0.0,0,1300,3,1015
8900,59.0,36954.0,Petrol,110.0,1.0,0,1600,3,1050
9500,60.0,36943.0,Petrol,110.0,0.0,0,1600,5,1070
9950,63.0,36923.0,Petrol,86.0,0.0,0,1300,5,1050
9950,66.0,36658.0,Petrol,110.0,0.0,0,1600,3,1050
8250,65.0,36000.0,Petrol,86.0,1.0,0,1300,3,1015
10450,65.0,36000.0,Petrol,110.0,1.0,0,1600,3,1065
10950,62.0,35512.0,Petrol,110.0,1.0,0,1600,3,1065
9250,65.0,35283.0,Petrol,86.0,1.0,0,1300,3,1015
8900,68.0,35000.0,Petrol,110.0,1.0,0,1600,3,1050
10900,57.0,35000.0,Petrol,86.0,1.0,0,1300,5,1045
9750,64.0,34114.0,Petrol,110.0,0.0,0,1600,3,1050
11950,58.0,34000.0,Petrol,110.0,0.0,0,1600,5,1075
7900,68.0,33847.0,Petrol,86.0,1.0,0,1300,4,1000
10900,57.0,33535.0,Petrol,110.0,0.0,0,1600,4,1035
10450,65.0,33000.0,Petrol,110.0,0.0,0,1600,3,1050
10950,59.0,32150.0,Petrol,110.0,1.0,0,1600,5,1085
9950,65.0,31588.0,Petrol,86.0,1.0,0,1300,3,1015
10750,55.67215568862275,31480.0,Petrol,110.0,1.0,0,1600,3,1065
9900,57.0,31307.0,Petrol,110.0,1.0,0,1600,5,1070
10750,68.0,31000.0,Petrol,110.0,1.0,0,1600,4,1035
10450,58.0,30634.0,Petrol,110.0,1.0,0,1600,5,1075
9450,68.0,30300.0,Petrol,86.0,1.0,0,1300,4,1000
10750,60.0,28500.0,Petrol,86.0,1.0,1,1300,3,1045
10950,60.0,28500.0,Petrol,110.0,0.0,0,1600,5,1075
10000,57.0,28000.0,Petrol,86.0,1.0,0,1300,3,1015
10500,68.0,26698.0,Petrol,110.0,0.0,0,1600,3,1055
12500,62.0,26000.0,Petrol,107.0,1.0,1,1600,3,1085
8950,62.0,25505.0,Petrol,86.0,1.0,0,1300,5,1035
10500,58.0,25000.0,Petrol,110.0,1.0,0,1600,5,1075
9245,66.0,22835.0,Petrol,110.0,1.0,0,1600,3,1050
10950,59.0,22705.0,Petrol,110.0,1.0,0,1600,5,1075
9500,55.67215568862275,22178.0,Petrol,86.0,1.0,0,1300,3,1015
10900,62.0,17345.0,Petrol,110.0,1.0,0,1600,3,1050
10950,67.0,15535.0,Petrol,86.0,1.0,1,1300,4,1030
9450,66.0,15110.0,Petrol,86.0,0.0,0,1300,5,1035
5900,73.0,232940.0,Diesel,72.0,0.0,0,2000,5,1172
6950,79.0,218118.0,Diesel,72.0,0.0,0,2000,5,1150
6000,78.0,217764.0,Diesel,72.0,1.0,0,2000,5,1135
5250,79.0,207114.0,CNG,110.0,1.0,0,1600,5,1114
4400,74.0,203254.0,Diesel,72.0,1.0,0,2000,3,1135
6750,77.0,68647.23997185081,Diesel,72.0,1.0,0,2000,4,1100
8500,69.0,197501.0,Diesel,72.0,0.0,0,2000,5,1135
6150,80.0,194765.0,Diesel,72.0,0.0,0,2000,3,1120
6950,76.0,191620.0,Diesel,72.0,0.0,0,2000,5,1150
5750,76.0,183277.0,Diesel,72.0,0.0,0,2000,3,1115
8750,78.0,180378.0,Petrol,72.0,1.0,0,2000,4,1100
6500,70.0,178800.0,Diesel,72.0,0.0,0,2000,3,1115
5950,73.0,176177.0,Petrol,110.0,1.0,0,1600,5,1075
6500,78.0,176000.0,Petrol,86.0,0.0,0,1300,5,1035
10500,77.0,172980.0,Diesel,72.0,1.0,0,2000,5,1135
8500,77.0,170000.0,Diesel,72.0,0.0,0,2000,4,1100
7950,71.0,164000.0,Petrol,110.0,1.0,0,1600,3,1050
5800,78.0,161775.0,Petrol,86.0,1.0,0,1300,3,1015
6750,80.0,160000.0,Petrol,86.0,0.0,0,1300,3,1015
6950,78.0,159968.0,Diesel,72.0,0.0,0,2000,3,1115
5740,74.0,159908.0,Petrol,110.0,0.0,0,1600,3,1050
6550,73.0,158492.0,Petrol,86.0,0.0,0,1300,3,1015
8950,69.0,156204.0,Diesel,72.0,1.0,0,2000,3,1115
6750,73.0,156169.0,Petrol,86.0,1.0,0,1300,5,1035
7950,78.0,155210.0,Petrol,110.0,0.0,0,1600,3,1050
7950,69.0,155000.0,Diesel,72.0,0.0,0,2000,3,1115
7450,76.0,154900.0,Diesel,72.0,1.0,0,2000,5,1140
7750,70.0,151300.0,Diesel,72.0,1.0,0,2000,5,1150
6450,71.0,151000.0,CNG,110.0,1.0,0,1600,5,1094
7900,75.0,150000.0,Diesel,72.0,1.0,0,2000,3,1135
6900,69.0,146304.0,Diesel,72.0,1.0,0,2000,3,1115
5600,75.0,146197.0,Petrol,86.0,0.0,0,1300,3,1015
5950,77.0,145996.0,Petrol,110.0,0.0,0,1600,4,1035
6950,80.0,143560.0,Petrol,86.0,1.0,1,1300,3,1045
7950,71.0,139145.0,Diesel,73.0,0.0,0,2000,2,1115
8950,55.67215568862275,138500.0,Petrol,86.0,0.0,0,1300,5,1050
7950,74.0,137741.0,Diesel,90.0,1.0,0,2000,5,1135
9500,80.0,137178.0,Diesel,90.0,1.0,0,2000,5,1135
8600,55.67215568862275,134889.0,Diesel,72.0,1.0,0,2000,3,1115
5950,71.0,134660.0,Diesel,72.0,0.0,0,2000,5,1135
7750,73.0,134539.0,Petrol,110.0,1.0,0,1600,5,1070
7950,79.0,131500.0,Diesel,72.0,0.0,0,2000,5,1140
6950,77.0,131307.0,Petrol,110.0,1.0,0,1600,3,1050
7250,74.0,130025.0,Petrol,110.0,1.0,0,1600,3,1050
6500,78.0,130000.0,Petrol,86.0,1.0,0,1300,5,1015
7250,77.0,128960.0,Petrol,110.0,1.0,0,1600,5,1070
9250,80.0,128351.0,Petrol,110.0,1.0,0,1600,5,1070
8250,73.0,128006.0,Petrol,110.0,1.0,0,1600,3,1050
7250,71.0,127159.0,Diesel,72.0,1.0,0,2000,3,1115
5250,72.0,126478.0,Petrol,110.0,1.0,0,1600,4,1035
7900,77.0,126000.0,Petrol,110.0,1.0,0,1600,5,1050
6900,76.0,125778.0,Petrol,110.0,0.0,0,1600,3,1050
7900,75.0,125400.0,Petrol,110.0,0.0,0,1600,3,1050
7250,74.0,124910.0,Diesel,72.0,0.0,0,2000,5,1135
8450,70.0,124743.0,Petrol,110.0,1.0,0,1600,3,1050
7950,55.67215568862275,124591.0,Petrol,110.0,1.0,0,1600,5,1075
7950,74.0,124057.0,Petrol,110.0,1.0,0,1600,3,1050
6450,72.0,123403.0,Petrol,110.0,1.0,0,1600,3,1050
6650,75.0,123104.0,Petrol,110.0,1.0,0,1600,5,1070
7950,74.0,123077.0,Petrol,86.0,1.0,0,1300,3,1015
7250,80.0,122820.0,Petrol,86.0,0.0,0,1300,5,1040
7450,77.0,122290.0,Petrol,110.0,0.0,0,1600,3,1050
7950,74.0,121900.0,Petrol,110.0,1.0,0,1600,4,1035
7250,55.67215568862275,121545.0,Petrol,110.0,1.0,0,1600,5,1070
8250,71.0,120474.0,Diesel,72.0,1.0,0,2000,3,1115
8950,76.0,120263.0,Diesel,72.0,1.0,0,2000,5,1135
7750,74.0,120196.0,Petrol,110.0,1.0,0,1600,3,1050
8500,71.0,120000.0,Petrol,110.0,0.0,0,1600,5,1085
7750,78.0,120000.0,Petrol,110.0,0.0,0,1600,5,1075
5750,73.0,115877.0,Petrol,110.0,0.0,0,1600,4,1035
6900,76.0,115345.0,Petrol,110.0,1.0,0,1600,5,1070
6500,55.67215568862275,115157.0,Petrol,110.0,1.0,0,1600,3,1050
6500,78.0,115000.0,Petrol,107.0,1.0,1,1600,5,1100
7600,77.0,114258.0,Petrol,86.0,1.0,0,1300,5,1050
8950,73.0,112963.0,Diesel,72.0,1.0,0,2000,5,1135
7450,74.0,112307.0,Petrol,110.0,1.0,0,1600,5,1070
7350,72.0,68647.23997185081,Petrol,86.0,1.0,0,1300,3,1015
7750,73.0,111602.0,Petrol,86.0,1.0,0,1300,3,1015
7460,80.0,111392.0,CNG,110.0,0.0,0,1598,3,1083
9250,76.0,110901.0,Petrol,110.0,1.0,0,1600,5,1085
7250,80.0,110887.0,Petrol,110.0,1.0,0,1600,3,1055
6500,72.0,110634.0,Petrol,86.0,1.0,0,1300,3,1015
6800,80.0,110000.0,Petrol,110.0,1.0,0,1600,4,1035
8700,75.0,109540.0,Petrol,110.0,0.0,0,1600,5,1085
7500,55.67215568862275,109263.0,Petrol,110.0,0.0,0,1600,5,1070
7750,71.0,107516.0,Petrol,110.0,1.0,0,1600,3,1050
7950,73.0,107108.0,Petrol,110.0,1.0,0,1600,3,1050
9950,75.0,107000.0,Petrol,110.0,1.0,0,1600,3,1050
6640,74.0,106250.0,Petrol,110.0,0.0,0,1600,5,1070
8750,71.0,106150.0,Petrol,86.0,0.0,0,1300,3,1015
7750,72.0,106108.0,Petrol,110.0,1.0,0,1600,3,1050
5950,72.0,105856.0,Petrol,86.0,0.0,0,1300,3,1015
6750,77.0,105152.0,Petrol,86.0,0.0,0,1300,3,1015
6500,80.0,105135.0,Petrol,110.0,1.0,0,1600,3,1050
8750,76.0,104344.0,Petrol,110.0,1.0,0,1600,3,1050
7950,74.0,104150.0,Petrol,110.0,1.0,0,1600,3,1050
6750,74.0,104000.0,Petrol,86.0,1.0,0,1300,3,1010
7950,73.0,103121.0,Petrol,86.0,1.0,0,1300,5,1035
7950,80.0,102300.0,Petrol,86.0,1.0,0,1300,3,1015
8950,75.0,102005.0,Petrol,107.0,1.0,1,1600,5,1105
7750,77.0,102000.0,Petrol,86.0,1.0,0,1300,3,1015
6450,75.0,101855.0,Petrol,110.0,1.0,0,1600,5,1070
6900,74.0,101773.0,Petrol,110.0,0.0,0,1600,3,1050
8450,75.0,101159.0,Petrol,110.0,1.0,0,1600,5,1085
6750,74.0,101000.0,Petrol,86.0,0.0,0,1300,3,1015
8050,74.0,100732.0,Petrol,86.0,1.0,1,1300,4,1030
9500,79.0,100719.0,Petrol,110.0,0.0,0,1600,5,1070
7750,78.0,100487.0,Petrol,110.0,0.0,0,1600,4,1035
8500,80.0,100458.0,Petrol,110.0,0.0,0,1600,5,1085
7795,75.0,100192.0,Petrol,110.0,1.0,0,1600,3,1050
6490,80.0,100123.0,Petrol,110.0,1.0,0,1600,3,1050
7950,73.0,99971.0,Petrol,110.0,1.0,0,1600,3,1050
6425,79.0,99397.0,Petrol,86.0,0.0,0,1300,5,1035
8950,69.0,99374.0,Petrol,86.0,1.0,0,1300,5,1035
6950,72.0,99245.0,Petrol,110.0,1.0,0,1600,5,1114
8750,79.0,98742.0,Petrol,110.0,0.0,0,1600,5,1085
8450,71.0,98154.0,Petrol,110.0,1.0,0,1600,3,1050
7950,77.0,98000.0,Petrol,110.0,1.0,0,1600,5,1065
7950,80.0,97548.0,Petrol,86.0,0.0,0,1300,5,1035
8900,78.0,97534.0,Petrol,110.0,1.0,0,1600,5,1070
8950,73.0,97494.0,Petrol,110.0,1.0,0,1600,5,1085
8900,73.0,97085.0,Petrol,110.0,1.0,0,1600,5,1085
7950,69.0,97000.0,Petrol,110.0,0.0,0,1600,4,1035
6495,74.0,96302.0,Petrol,86.0,1.0,0,1300,3,1015
7250,78.0,96000.0,Petrol,86.0,1.0,0,1300,3,1015
9250,55.67215568862275,96000.0,Petrol,110.0,1.0,0,1600,5,1085
6650,78.0,95909.0,Petrol,110.0,1.0,0,1600,5,1070
6990,79.0,95700.0,Petrol,110.0,0.0,0,1600,5,1085
7750,78.0,95651.0,Petrol,110.0,1.0,0,1600,5,1070
6950,79.0,95000.0,Petrol,86.0,1.0,0,1300,5,1035
7250,80.0,94447.0,Petrol,110.0,0.0,0,1600,3,1050
9950,55.67215568862275,94079.0,Petrol,110.0,1.0,0,1600,5,1085
9250,55.67215568862275,93841.0,Petrol,110.0,0.0,0,1600,5,1070
7200,79.0,93090.0,Petrol,86.0,1.0,0,1300,5,1035
8250,72.0,93066.0,Petrol,110.0,1.0,0,1600,5,1075
8950,79.0,93039.0,Petrol,110.0,1.0,0,1600,3,1050
8250,77.0,93000.0,Petrol,110.0,1.0,0,1600,5,1075
6250,80.0,92830.0,Petrol,86.0,1.0,0,1300,3,1015
9900,80.0,92255.0,Petrol,107.0,0.0,1,1600,5,1105
7300,80.0,92096.0,Petrol,86.0,1.0,0,1300,5,1035
8950,72.0,91921.0,Petrol,86.0,1.0,0,1300,3,1020
6500,70.0,91900.0,Petrol,86.0,1.0,0,1300,3,1015
7950,78.0,91399.0,Petrol,110.0,1.0,0,1600,5,1070
7450,75.0,91082.0,Petrol,110.0,1.0,0,1600,3,1050
7950,71.0,90370.0,Petrol,86.0,1.0,0,1300,5,1035
8500,78.0,90345.0,Petrol,86.0,1.0,0,1300,5,1035
6950,77.0,90305.0,Petrol,86.0,1.0,0,1300,3,1015
7950,78.0,90011.0,Petrol,86.0,0.0,1,1300,3,1045
6750,77.0,90000.0,Petrol,86.0,1.0,0,1300,3,1015
8450,70.0,89983.0,Petrol,110.0,0.0,0,1600,3,1055
7500,78.0,89953.0,Petrol,110.0,0.0,0,1600,5,1114
8750,74.0,89800.0,Diesel,72.0,1.0,0,2000,3,1115
8750,79.0,89739.0,Petrol,86.0,1.0,0,1300,5,1035
8950,76.0,89520.0,Petrol,110.0,1.0,0,1600,3,1050
7450,55.67215568862275,89507.0,Petrol,86.0,0.0,0,1300,3,1015
9200,69.0,89096.0,Petrol,110.0,1.0,0,1600,5,1085
8950,74.0,88700.0,Petrol,110.0,1.0,0,1600,3,1050
7850,72.0,88500.0,Petrol,110.0,1.0,0,1600,5,1075
6950,73.0,88186.0,Diesel,72.0,1.0,0,2000,3,1115
7200,75.0,88000.0,Petrol,110.0,1.0,0,1600,3,1050
7450,78.0,87743.0,Petrol,110.0,0.0,0,1600,3,1055
6750,75.0,87613.0,Petrol,86.0,0.0,0,1300,3,1015
7500,73.0,87358.0,Petrol,110.0,1.0,0,1600,3,1050
7450,55.67215568862275,87083.0,Petrol,110.0,0.0,0,1600,4,1035
7950,70.0,87000.0,Petrol,110.0,1.0,0,1600,4,1035
7250,78.0,87000.0,Petrol,110.0,1.0,0,1600,4,1035
7950,55.67215568862275,87000.0,Petrol,86.0,1.0,0,1300,3,1015
8250,80.0,87000.0,Petrol,86.0,1.0,0,1300,3,1015
8250,72.0,86860.0,Petrol,110.0,0.0,0,1600,5,1075
6750,80.0,86109.0,Petrol,110.0,1.0,0,1600,3,1055
8750,79.0,86000.0,Petrol,86.0,1.0,0,1300,5,1040
8950,80.0,86000.0,Petrol,110.0,0.0,0,1600,3,1050
8500,70.0,85864.0,Diesel,72.0,1.0,0,2000,5,1135
8250,80.0,85565.0,Petrol,110.0,0.0,0,1600,5,1070
9450,70.0,85470.0,Petrol,107.0,0.0,1,1600,3,1080
7950,73.0,85200.0,Petrol,110.0,1.0,0,1600,3,1050
7900,70.0,85000.0,Petrol,110.0,1.0,0,1600,3,1055
8500,73.0,84988.0,Petrol,110.0,1.0,0,1600,3,1050
8250,79.0,84966.0,Petrol,110.0,0.0,0,1600,5,1070
8250,76.0,84472.0,Petrol,110.0,1.0,0,1600,5,1070
8950,73.0,84402.0,Petrol,110.0,1.0,0,1600,4,1035
7950,74.0,84123.0,Petrol,110.0,0.0,0,1600,3,1050
6950,55.67215568862275,84000.0,Petrol,110.0,0.0,0,1600,5,1075
7250,78.0,84000.0,Petrol,110.0,1.0,0,1600,5,1065
7750,77.0,84000.0,Petrol,110.0,1.0,0,1600,5,1085
8700,75.0,83850.0,Petrol,110.0,1.0,0,1600,3,1055
8950,55.67215568862275,83540.0,Petrol,110.0,1.0,0,1600,5,1070
6750,76.0,83405.0,Petrol,110.0,1.0,0,1600,5,1070
7500,71.0,83291.0,Petrol,110.0,1.0,0,1600,5,1070
7950,69.0,83133.0,Petrol,86.0,0.0,0,1300,3,1015
8950,71.0,83047.0,Petrol,86.0,1.0,1,1300,3,1045
7950,71.0,82700.0,Petrol,110.0,0.0,0,1600,3,1050
7450,55.67215568862275,82675.0,Petrol,86.0,0.0,0,1300,3,1015
5950,78.0,82595.0,Petrol,86.0,1.0,0,1300,3,1015
7750,75.0,82256.0,Petrol,110.0,1.0,0,1600,3,1050
6950,77.0,82103.0,Petrol,86.0,1.0,0,1300,3,1015
8750,80.0,82021.0,Petrol,86.0,1.0,0,1300,5,1035
8950,71.0,82000.0,Petrol,110.0,1.0,0,1600,5,1075
7495,79.0,81988.0,Petrol,110.0,1.0,0,1600,5,1070
7750,76.0,81930.0,Petrol,110.0,1.0,0,1600,5,1070
6950,70.0,81663.0,Petrol,110.0,0.0,0,1600,3,1050
7990,77.0,80486.0,Petrol,101.47832167832168,1.0,0,1600,5,1070
7250,78.0,80000.0,Petrol,110.0,1.0,0,1600,4,1065
6900,69.0,79000.0,Petrol,86.0,0.0,0,1300,3,1015
7750,74.0,78894.0,Petrol,110.0,0.0,0,1600,5,1070
7250,55.67215568862275,78689.0,Petrol,110.0,0.0,0,1600,4,1035
8950,77.0,78435.0,Petrol,86.0,0.0,0,1300,3,1015
8500,71.0,78260.0,Petrol,110.0,0.0,0,1600,3,1050
7950,72.0,78120.0,Petrol,110.0,1.0,0,1600,5,1075
6950,77.0,77000.0,Petrol,86.0,1.0,0,1300,3,1015
8000,55.67215568862275,77000.0,Petrol,110.0,0.0,0,1600,3,1050
7950,75.0,76382.0,Petrol,110.0,1.0,0,1600,3,1055
8500,76.0,76268.0,Petrol,86.0,1.0,0,1300,3,1015
7490,73.0,76151.0,Petrol,86.0,1.0,0,1300,3,1015
8250,80.0,76000.0,Petrol,110.0,1.0,0,1600,3,1050
9250,71.0,76000.0,Petrol,110.0,1.0,0,1600,5,1070
7950,72.0,75840.0,Petrol,86.0,0.0,0,1300,5,1035
9500,77.0,75799.0,Petrol,110.0,1.0,0,1600,3,1050
8950,72.0,75525.0,Petrol,110.0,1.0,0,1600,3,1114
8450,78.0,75323.0,Petrol,86.0,1.0,0,1300,5,1050
7995,79.0,75322.0,Petrol,110.0,1.0,0,1600,4,1115
8750,78.0,75226.0,Petrol,110.0,0.0,0,1600,4,1035
5950,71.0,75085.0,Petrol,86.0,0.0,0,1300,5,1035
8500,73.0,75000.0,Petrol,110.0,0.0,0,1600,5,1075
8950,69.0,75000.0,Petrol,86.0,1.0,0,1300,4,1000
8750,69.0,75000.0,Petrol,86.0,1.0,0,1300,4,1000
7600,78.0,74926.0,Petrol,110.0,1.0,0,1600,5,1075
7145,80.0,74785.0,Petrol,110.0,1.0,0,1600,5,1070
8450,69.0,74573.0,Petrol,110.0,1.0,0,1600,5,1085
5950,55.67215568862275,74567.0,Petrol,86.0,1.0,0,1300,3,1015
9000,80.0,74196.0,Petrol,110.0,1.0,0,1600,5,1075
7250,80.0,74151.0,Petrol,110.0,1.0,0,1600,3,1050
7400,75.0,74096.0,Petrol,110.0,1.0,0,1600,3,1050
8800,79.0,74093.0,Petrol,110.0,1.0,0,1600,5,1075
7750,71.0,74000.0,Petrol,110.0,0.0,0,1600,3,1050
7500,75.0,74000.0,Petrol,86.0,1.0,0,1300,3,1015
8450,78.0,73638.0,Petrol,86.0,1.0,1,1300,4,1015
7400,55.67215568862275,73460.0,Petrol,110.0,1.0,0,1600,5,1070
7500,80.0,73200.0,Petrol,110.0,1.0,0,1600,5,1070
8950,76.0,73116.0,Petrol,110.0,1.0,0,1600,5,1075
8950,55.67215568862275,73014.0,Petrol,110.0,1.0,0,1600,5,1075
7950,77.0,72703.0,Petrol,110.0,1.0,0,1600,3,1050
7950,79.0,72328.0,Petrol,110.0,1.0,0,1600,5,1075
7950,78.0,72222.0,Petrol,110.0,1.0,0,1600,5,1070
8950,71.0,72128.0,Petrol,107.0,1.0,1,1600,5,1100
7750,78.0,72090.0,Petrol,110.0,1.0,0,1600,5,1070
8250,78.0,72000.0,Petrol,110.0,1.0,0,1600,4,1035
7950,78.0,72000.0,Petrol,110.0,0.0,0,1600,3,1055
7750,77.0,71900.0,Petrol,86.0,1.0,0,1300,3,1015
8500,77.0,71825.0,Petrol,110.0,0.0,0,1600,5,1075
6950,80.0,71740.0,Petrol,110.0,1.0,0,1600,5,1070
7500,80.0,71500.0,Petrol,110.0,1.0,0,1600,4,1035
7750,79.0,71359.0,Petrol,110.0,1.0,0,1600,3,1050
5950,79.0,71263.0,Petrol,86.0,1.0,0,1300,3,1015
7500,78.0,71186.0,Petrol,110.0,0.0,0,1600,3,1050
8950,72.0,71054.0,Petrol,86.0,0.0,1,1300,3,1045
7950,76.0,71000.0,Petrol,110.0,1.0,0,1600,3,1050
6900,80.0,70939.0,Petrol,110.0,1.0,1,1600,5,1100
7450,77.0,70932.0,Petrol,110.0,1.0,0,1600,3,1050
8500,80.0,70597.0,Petrol,107.0,1.0,1,1600,3,1080
7500,73.0,70482.0,Petrol,110.0,1.0,0,1600,5,1075
8750,77.0,70124.0,Petrol,110.0,1.0,0,1600,3,1050
7500,76.0,70039.0,Petrol,110.0,1.0,0,1600,3,1050
9950,80.0,69904.0,Petrol,110.0,0.0,0,1600,5,1070
7950,75.0,69388.0,Petrol,86.0,0.0,0,1300,3,1010
9950,75.0,69320.0,Petrol,110.0,1.0,0,1600,5,1070
9250,78.0,69000.0,Petrol,110.0,1.0,0,1600,5,1075
9250,73.0,68988.0,Petrol,86.0,1.0,0,1300,5,1035
9950,55.67215568862275,68945.0,Petrol,110.0,1.0,0,1600,5,1085
5950,74.0,68285.0,Petrol,110.0,1.0,0,1600,3,1050
7995,55.67215568862275,68000.0,Petrol,110.0,1.0,0,1600,5,1075
8950,55.67215568862275,68000.0,Petrol,86.0,1.0,1,1300,3,1045
7450,75.0,67451.0,Petrol,86.0,1.0,0,1300,4,1000
8250,55.67215568862275,67266.0,Petrol,86.0,1.0,0,1300,5,1035
8500,78.0,67255.0,Petrol,110.0,0.0,0,1600,5,1085
8500,70.0,67100.0,Petrol,110.0,1.0,0,1600,5,1075
9400,69.0,67092.0,Diesel,72.0,1.0,0,2000,3,1115
7250,80.0,66880.0,Petrol,110.0,1.0,0,1600,3,1055
8950,79.0,66855.0,Petrol,110.0,1.0,0,1600,5,1075
9450,80.0,66843.0,Petrol,110.0,1.0,0,1600,5,1075
8500,74.0,66718.0,Petrol,110.0,1.0,0,1600,3,1050
6750,80.0,66168.0,Petrol,86.0,1.0,0,1300,3,1015
7400,80.0,65950.0,Petrol,110.0,0.0,0,1600,5,1070
8950,78.0,65500.0,Petrol,86.0,1.0,0,1300,3,1015
6900,80.0,65307.0,Petrol,110.0,1.0,0,1600,3,1055
7750,79.0,65254.0,Petrol,86.0,1.0,0,1300,3,1015
8950,71.0,65021.0,Diesel,72.0,1.0,0,2000,3,1115
6950,75.0,65006.0,Petrol,86.0,1.0,0,1300,3,1015
8495,77.0,64280.0,Petrol,110.0,0.0,0,1600,4,1035
10000,75.0,64000.0,Petrol,107.0,0.0,1,1600,3,1085
6999,71.0,64000.0,Petrol,110.0,1.0,0,1600,5,1070
8950,80.0,64000.0,Petrol,110.0,0.0,0,1600,3,1055
8500,79.0,63918.0,Petrol,110.0,1.0,0,1600,4,1035
8750,75.0,63634.0,Petrol,110.0,1.0,0,1600,4,1035
7499,80.0,63500.0,Petrol,110.0,1.0,0,1600,3,1050
9000,55.67215568862275,63266.0,Petrol,110.0,1.0,0,1600,4,1035
8950,77.0,62595.0,Petrol,110.0,1.0,0,1600,3,1050
6950,80.0,62581.0,Petrol,110.0,0.0,0,1600,5,1075
8500,77.0,62285.0,Petrol,110.0,1.0,0,1600,5,1075
8450,77.0,61906.0,Petrol,86.0,1.0,1,1300,5,1065
8950,74.0,61700.0,Petrol,110.0,0.0,0,1600,5,1070
8250,77.0,61648.0,Petrol,110.0,1.0,0,1600,5,1070
7950,75.0,61626.0,Petrol,86.0,0.0,0,1300,5,1035
7450,70.0,61510.0,Petrol,110.0,0.0,0,1600,4,1035
9000,79.0,61165.0,Petrol,107.0,1.0,1,1600,3,1080
7150,70.0,61000.0,Petrol,110.0,1.0,0,1600,4,1035
7750,76.0,60833.0,Petrol,110.0,1.0,0,1600,4,1035
5845,70.0,60600.0,Petrol,86.0,0.0,0,1300,3,1060
8500,72.0,60483.0,Petrol,110.0,1.0,0,1600,5,1075
8250,80.0,60476.0,Petrol,110.0,1.0,0,1600,5,1114
9450,79.0,60142.0,Petrol,110.0,0.0,0,1600,3,1050
6750,69.0,60050.0,Petrol,110.0,1.0,0,1600,3,1050
8400,77.0,60000.0,Petrol,110.0,1.0,0,1600,3,1050
7900,76.0,60000.0,Petrol,110.0,0.0,0,1600,3,1050
7950,76.0,59815.0,Petrol,110.0,1.0,0,1587,3,1055
8750,80.0,59326.0,Petrol,110.0,1.0,0,1600,5,1085
9900,73.0,59240.0,Petrol,110.0,1.0,0,1600,3,1050
6495,71.0,59164.0,Petrol,110.0,0.0,0,1600,4,1035
8250,70.0,59017.0,Petrol,107.0,1.0,1,1600,3,1080
6900,69.0,58952.0,Petrol,110.0,1.0,0,1600,3,1050
7500,74.0,58454.0,Petrol,86.0,1.0,0,1300,3,1015
7950,75.0,58341.0,Petrol,86.0,1.0,1,1300,4,1030
8250,80.0,58267.0,Petrol,110.0,1.0,0,1600,5,1070
8950,80.0,58000.0,Petrol,110.0,0.0,0,1600,3,1055
9750,70.0,57829.0,Petrol,110.0,0.0,0,1600,3,1050
8250,80.0,57787.0,Petrol,86.0,0.0,0,1300,3,1015
8900,78.0,57628.0,Petrol,110.0,0.0,0,1600,5,1075
8950,75.0,57537.0,Petrol,86.0,1.0,0,1300,5,1050
6750,76.0,57263.0,Petrol,110.0,1.0,0,1600,3,1050
7950,75.0,57144.0,Petrol,110.0,1.0,0,1600,5,1070
8600,69.0,57096.0,Petrol,86.0,1.0,0,1300,3,1025
7750,55.67215568862275,57000.0,Petrol,86.0,0.0,0,1300,4,1000
7800,55.67215568862275,56566.0,Petrol,110.0,1.0,0,1600,3,1050
8750,73.0,56307.0,Petrol,110.0,1.0,0,1600,3,1050
9500,79.0,56214.0,Petrol,86.0,0.0,0,1300,3,1015
7750,55.67215568862275,56132.0,Petrol,110.0,0.0,0,1600,4,1035
9950,79.0,55425.0,Petrol,110.0,0.0,0,1600,5,1075
7750,77.0,54439.0,Petrol,86.0,1.0,0,1300,3,1015
5950,69.0,53809.0,Petrol,110.0,1.0,0,1600,3,1050
10950,76.0,53133.0,Petrol,110.0,1.0,0,1600,5,1070
9450,77.0,52900.0,Petrol,110.0,1.0,0,1600,4,1075
8250,80.0,52700.0,Petrol,110.0,0.0,0,1600,3,1050
9750,69.0,52320.0,Petrol,110.0,0.0,0,1600,5,1070
7450,78.0,52287.0,Petrol,110.0,0.0,0,1600,5,1114
8750,75.0,52000.0,Petrol,110.0,1.0,0,1600,5,1075
8750,69.0,52000.0,Petrol,110.0,1.0,0,1600,3,1050
8500,73.0,52000.0,Petrol,110.0,1.0,1,1600,4,1065
8950,70.0,51874.0,Petrol,86.0,0.0,0,1300,4,1000
7500,79.0,49827.0,Petrol,86.0,1.0,0,1300,5,1035
7250,69.0,49640.0,Petrol,110.0,1.0,0,1600,4,1035
7450,80.0,49580.0,Petrol,110.0,1.0,0,1600,4,1035
8750,76.0,49170.0,Petrol,86.0,1.0,0,1300,3,1045
9800,77.0,48838.0,Petrol,110.0,0.0,0,1600,3,1055
7500,71.0,48576.0,Petrol,86.0,1.0,0,1300,3,1015
8950,75.0,48400.0,Petrol,110.0,1.0,0,1600,5,1075
8950,74.0,48242.0,Petrol,86.0,1.0,0,1300,5,1035
7450,70.0,47955.0,Petrol,110.0,1.0,0,1600,5,1070
8950,71.0,47633.0,Petrol,110.0,1.0,0,1600,5,1075
10500,55.67215568862275,47400.0,Petrol,86.0,1.0,0,1300,5,1040
7000,73.0,47360.0,Petrol,86.0,0.0,0,1300,3,1010
8500,77.0,45507.0,Petrol,110.0,1.0,0,1600,3,1050
7750,76.0,45410.0,Petrol,86.0,1.0,0,1300,5,1035
8950,70.0,44850.0,Petrol,110.0,1.0,0,1600,3,1050
8250,69.0,44826.0,Petrol,110.0,0.0,0,1600,5,1075
9250,55.67215568862275,44444.0,Petrol,110.0,1.0,0,1600,3,1050
7900,75.0,43720.0,Petrol,110.0,1.0,0,1600,5,1070
8500,78.0,43622.0,Petrol,86.0,1.0,0,1300,4,1000
7950,76.0,43532.0,Petrol,110.0,0.0,0,1600,5,1070
9950,69.0,42800.0,Petrol,110.0,1.0,0,1600,3,1050
8750,74.0,42317.0,Petrol,107.0,1.0,1,1600,5,1100
7500,80.0,42186.0,Petrol,110.0,1.0,0,1600,3,1050
6950,72.0,42000.0,Petrol,110.0,1.0,0,1600,3,1050
8950,55.67215568862275,40093.0,Petrol,110.0,0.0,0,1600,5,1114
8750,79.0,39800.0,Petrol,107.0,0.0,1,1600,3,1080
7750,73.0,39168.0,Petrol,86.0,1.0,0,1300,3,1015
8450,75.0,38945.0,Petrol,110.0,1.0,0,1600,3,1050
8150,76.0,36537.0,Petrol,110.0,0.0,1,1600,4,1075
8500,78.0,68647.23997185081,Petrol,86.0,0.0,1,1300,3,1045
7600,55.67215568862275,36000.0,Petrol,110.0,1.0,0,1600,3,1050
7950,80.0,35821.0,Petrol,86.0,0.0,1,1300,3,1015
7750,73.0,34717.0,Petrol,86.0,0.0,0,1300,3,1015
7950,80.0,68647.23997185081,Petrol,86.0,1.0,0,1300,4,1000
9950,78.0,30964.0,Petrol,110.0,1.0,1,1600,3,1080
8950,55.67215568862275,29000.0,Petrol,86.0,1.0,1,1300,3,1045
8450,72.0,68647.23997185081,Petrol,86.0,1.0,0,1300,3,1015
8950,78.0,24000.0,Petrol,86.0,1.0,1,1300,5,1065
8450,80.0,23000.0,Petrol,86.0,0.0,0,1300,3,1015
7500,55.67215568862275,20544.0,Petrol,86.0,1.0,0,1300,3,1025
10845,72.0,68647.23997185081,Petrol,86.0,0.0,0,1300,3,1015
8500,55.67215568862275,17016.0,Petrol,86.0,0.0,0,1300,3,1015
7250,70.0,68647.23997185081,Petrol,86.0,1.0,0,1300,3,1015
6950,76.0,1.0,Petrol,110.0,0.0,0,1600,5,1114
